"cv_0","pa","lon","lat","PC1","PC2","PC3","PC4","PC5"
4,1,-48.951111,-15.714167,0.36467033624649,-0.402282118797302,-1.32707905769348,0.57649827003479,0.62665206193924
2,1,-47.56,-15.554722,-0.297504723072052,-0.251915663480759,-1.49660813808441,0.762714385986328,0.512682318687439
3,1,-47.870556,-15.950278,-0.276670724153519,-0.137635424733162,-1.34045624732971,0.929324328899384,0.47236379981041
3,1,-47.816667,-15.85,-0.153217390179634,-0.129741758108139,-1.40244877338409,0.742375373840332,0.571661472320557
1,1,-47.847222,-15.8725,-0.204933062195778,-0.250557005405426,-1.32426846027374,0.816335380077362,0.509193003177643
3,1,-47.9,-15.930833,-0.21444308757782,-0.239057317376137,-1.33239150047302,0.908479332923889,0.486060291528702
1,1,-47.5625,-15.4375,-0.245483666658401,-0.479074269533157,-1.38364005088806,0.768296003341675,0.520476520061493
4,1,-48.05,-16.05,-0.112791493535042,-0.361334353685379,-1.37425744533539,0.815623223781586,0.506960391998291
4,1,-52.65,-17.816667,0.406789243221283,-0.64322829246521,-0.407273530960083,1.48458611965179,0.501764833927155
2,1,-53.166667,-18.466667,0.303051918745041,-0.4453384578228,-0.294207692146301,1.37075161933899,0.473590105772018
2,1,-52.333333,-15.083333,0.224416270852089,-1.84956097602844,-0.458120256662369,1.32835114002228,0.346595257520676
2,1,-44,-18,-0.721621572971344,0.209275543689728,-1.68651270866394,1.19763326644897,0.777929306030273
1,1,-47.8853,-15.9353,-0.242266908288002,-0.213852897286415,-1.31062269210815,0.902491629123688,0.476135700941086
3,1,-47.88,-15.93,-0.261121302843094,-0.137771442532539,-1.33180975914001,0.890819728374481,0.484227865934372
4,1,-46.966667,-18.808611,0.278321832418442,0.405500262975693,-1.46382892131805,1.84919691085815,0.81286209821701
1,1,-47.6136,-16.7686,-0.242755308747292,0.0262858755886555,-1.51658606529236,1.24292588233948,0.173507660627365
4,1,-47.933333,-15.95,-0.226044684648514,-0.129416391253471,-1.3412994146347,0.902418971061707,0.491037487983704
4,1,-47.56254,-14.07196,0.112680993974209,0.0721762403845787,-1.77638125419617,1.05157947540283,0.52034866809845
4,1,-47.5204435053496,-14.7036987783623,0.0457956865429878,-0.673676550388336,-1.3676586151123,0.777300357818604,0.603707730770111
2,1,-47.5039,-14.104,0.202448636293411,-0.234627082943916,-1.60745584964752,1.02859234809875,0.538849592208862
2,1,-47.6504565044305,-16.7337407982094,-0.210727155208588,-0.228080168366432,-1.44013106822968,1.19009792804718,0.20523901283741
4,1,-48.081667,-15.94305,-0.198657542467117,-0.134347751736641,-1.3773580789566,0.771496474742889,0.555914103984833
1,1,-47.73,-15.8,-0.166313722729683,-0.49634000658989,-1.29950368404388,0.748874664306641,0.506164848804474
2,1,-47.6,-16.72289,-0.214354395866394,-0.164944127202034,-1.44402611255646,1.20099759101868,0.191775053739548
3,1,-47.57186,-16.75,-0.222021162509918,-0.120993189513683,-1.44749784469604,1.23298966884613,0.171836733818054
3,1,-47.439998626709,-19.8652992248535,0.346012026071548,0.217235878109932,-0.947773516178131,1.67535054683685,0.910825550556183
1,1,-46.3657989501953,-20.2453002929688,-0.234181195497513,0.206678047776222,-0.575518667697906,2.08230423927307,0.724675834178925
2,1,-54.4738998413086,-16.6231002807617,0.425760537385941,-1.35094332695007,-0.0178474429994822,1.64129638671875,0.698151409626007
3,1,-47.872417,-15.945833,-0.261704295873642,-0.172436892986298,-1.3306919336319,0.913650214672089,0.477003455162048
3,1,-47.65,-16.73,-0.209331184625626,-0.131327673792839,-1.49460279941559,1.18893527984619,0.20865535736084
3,1,-51.7144012451172,-17.8813991546631,0.592799961566925,-0.605477094650269,-0.596750736236572,1.55731868743896,0.736501157283783
1,1,-51.9622001647949,-18.3061008453369,0.474147528409958,-0.503002941608429,-0.584620654582977,1.43359851837158,0.650189578533173
1,1,-43.5080986022949,-20.2875003814697,-0.252131879329681,0.690867602825165,-0.986467778682709,1.66861462593079,0.703611075878143
3,0,-45.4291666663333,-20.0624999998652,-0.415215522050858,-0.211689859628677,-0.535233795642853,1.93604791164398,0.542697548866272
1,0,-43.170833333,-20.5624999998671,-0.550362646579742,0.307056128978729,-0.660999834537506,1.40359306335449,0.694653928279877
1,0,-56.6874999996667,-14.5708333331779,0.96331912279129,-1.37699294090271,-0.540725529193878,1.13021576404572,1.12114608287811
1,0,-51.1041666663333,-16.5208333331852,0.541412115097046,-1.31673312187195,-0.726527452468872,0.979600310325623,0.470525771379471
4,0,-57.245833333,-15.6458333331819,0.500330686569214,-1.26848542690277,-0.0514452047646046,0.907832860946655,1.26428318023682
2,0,-48.1624999996667,-17.4624999998554,0.028873186558485,-0.823214709758759,-0.835528612136841,1.78449726104736,0.666292309761047
2,0,-48.4624999996667,-11.420833333166,0.738826870918274,-2.00592923164368,-0.789111256599426,0.821156620979309,0.525995254516602
1,0,-45.9624999996667,-15.304166666514,0.752561032772064,-1.21180474758148,-1.37888789176941,2.37517714500427,-0.181010350584984
3,0,-53.1041666663333,-18.7458333331936,0.307900339365005,-0.241931825876236,-0.372946381568909,1.17799913883209,0.550814092159271
1,0,-49.8624999996667,-15.8791666665161,0.614769101142883,-0.961095452308655,-1.01246154308319,0.864292919635773,0.514208078384399
2,0,-42.6874999996667,-19.487499999863,-0.252238929271698,0.196009710431099,-0.802009582519531,1.33154654502869,0.668448507785797
4,0,-51.220833333,-12.4541666665033,1.14562356472015,-2.45319890975952,-0.696882128715515,0.991702854633331,0.477175235748291
3,0,-55.7374999996667,-14.4791666665109,0.88698536157608,-1.33790457248688,-0.635154962539673,1.32487547397614,1.07209599018097
1,0,-42.8791666663333,-17.7708333331899,-0.807477235794067,-0.408572852611542,-1.18924474716187,1.04264211654663,0.755540668964386
1,0,-48.3291666663333,-11.8624999998344,0.706859588623047,-2.10870313644409,-0.882210671901703,0.861039519309998,0.466854929924011
3,0,-42.4291666663333,-22.570833333208,-0.0713817626237869,-0.0535122975707054,0.163363665342331,-0.224953755736351,1.13577365875244
4,0,-53.3624999996667,-20.7791666665346,0.364434897899628,-0.685733258724213,0.476290553808212,0.51003885269165,0.958094358444214
1,0,-52.545833333,-20.6541666665341,0.0949148312211037,-0.810827434062958,0.378898680210114,0.538626074790955,0.958291053771973
2,0,-51.0874999996667,-17.79583333319,0.404971808195114,-0.495818495750427,-0.980841517448425,1.14275467395782,0.465782016515732
1,0,-54.5791666663333,-16.0291666665167,0.352906942367554,-1.03074336051941,-0.296068429946899,1.73817336559296,0.792902112007141
4,0,-47.745833333,-12.4041666665031,0.204504877328873,-2.23306465148926,-0.848777532577515,0.737748086452484,0.529119074344635
3,0,-45.720833333,-12.8041666665046,0.134764924645424,-1.96960961818695,-1.24171054363251,0.501776218414307,0.468187600374222
3,0,-54.6374999996667,-16.1208333331837,0.383279532194138,-1.14289164543152,-0.239694491028786,1.67169988155365,0.79616504907608
4,0,-51.870833333,-16.195833333184,0.418228387832642,-1.72312939167023,-0.47561052441597,0.987435042858124,0.378627628087997
4,0,-48.1041666663333,-16.6624999998524,0.00260009826160967,-0.357974886894226,-1.34723198413849,1.05075263977051,0.353078603744507
1,0,-54.3291666663333,-21.0791666665357,0.535580337047577,-0.475309163331985,0.643878281116486,0.337947010993958,0.905664026737213
1,0,-50.145833333,-13.0958333331723,0.886975884437561,-2.09327960014343,-0.924458801746368,0.87786078453064,0.514293909072876
4,0,-41.9041666663333,-18.1541666665247,-0.423751503229141,-0.676460564136505,-0.672005355358124,0.473661124706268,0.87837290763855
1,0,-49.5374999996667,-13.8208333331751,0.682014882564545,-2.07324266433716,-0.780716598033905,0.782903730869293,0.578559160232544
3,0,-47.6291666663333,-15.14583333318,-0.160482913255692,-0.351699143648148,-1.47068953514099,0.702178597450256,0.591283440589905
4,0,-48.895833333,-20.6624999998675,-0.0283607169985771,-1.04560780525208,-0.446165829896927,1.33281433582306,0.829650104045868
4,0,-50.7041666663333,-16.8041666665196,0.591575384140015,-1.20387303829193,-0.81918603181839,0.972480595111847,0.474782347679138
2,0,-46.9374999996667,-13.6958333331746,0.504997491836548,-1.85779416561127,-1.10447561740875,0.483051955699921,0.719435751438141
3,0,-52.7791666663333,-12.562499999837,0.604500949382782,-1.95133399963379,-0.751373112201691,1.3825398683548,0.293001800775528
1,0,-44.895833333,-20.537499999867,-0.356347680091858,0.00177675776649266,-0.783387184143066,1.95052897930145,0.6216841340065
2,0,-55.2791666663333,-13.6958333331746,0.97372829914093,-1.16343712806702,-0.95732319355011,2.25164675712585,0.889221489429474
4,0,-43.420833333,-19.4708333331963,-0.184704259037971,0.499952226877213,-1.03998696804047,1.95637965202332,0.520889341831207
4,0,-49.570833333,-15.6374999998486,0.589682102203369,-1.24209022521973,-0.898641049861908,0.765091180801392,0.521445751190186
1,0,-44.1124999996667,-21.0708333332023,-0.347029626369476,0.747647881507874,-1.01983892917633,1.73576641082764,0.687502443790436
2,0,-43.5124999996667,-20.0874999998653,-0.257111072540283,1.5818065404892,-1.26745116710663,2.0146005153656,0.588506400585175
1,0,-48.3541666663333,-17.2124999998545,-0.0354909524321556,-0.786085247993469,-1.15339004993439,1.08227300643921,0.291167169809341
2,0,-54.3874999996667,-18.4874999998593,0.486582309007645,-1.09453344345093,0.223656505346298,0.955838859081268,0.572884798049927
1,0,-54.7791666663333,-15.854166666516,0.39094290137291,-0.861037015914917,-0.388729363679886,1.75051522254944,0.816817104816437
2,0,-42.8041666663333,-18.6541666665266,-0.532345354557037,0.37056627869606,-0.825395107269287,1.68713045120239,0.473036825656891
3,0,-53.245833333,-12.2624999998359,0.7637859582901,-1.99478781223297,-0.498053759336472,1.67112672328949,0.213224172592163
4,0,-53.6624999996667,-18.3124999998586,0.530316293239594,-1.01569867134094,-0.00169690034817904,1.18375182151794,0.547539055347443
3,0,-43.620833333,-20.0791666665319,-0.101058557629585,0.852503776550293,-1.15317344665527,1.88326823711395,0.664675176143646
3,0,-53.1041666663333,-17.6874999998563,0.274181038141251,-0.397259265184402,-0.466771125793457,1.64494335651398,0.452615797519684
1,0,-42.0791666663333,-16.0041666665166,-1.35836088657379,-0.859270751476288,-1.39960026741028,0.319820463657379,0.857826113700867
4,0,-48.3041666663333,-19.6291666665302,0.364447206258774,-0.370289951562881,-0.593208134174347,1.64030742645264,0.913557708263397
4,0,-47.370833333,-14.2874999998435,0.184177652001381,-0.66056764125824,-1.45125293731689,0.92935037612915,0.580613553524017
3,0,-52.895833333,-12.5791666665037,0.595348954200745,-1.94840705394745,-0.721887409687042,1.41487634181976,0.278262108564377
4,0,-47.2791666663333,-21.5874999998709,-0.291135370731354,0.0541179850697517,-0.384771287441254,1.41923797130585,0.751705348491669
2,0,-41.420833333,-20.2458333331992,-0.796057879924774,1.91310966014862,-0.637602865695953,0.867480635643005,0.63985002040863
4,0,-49.3791666663333,-21.4708333332038,-0.298480123281479,-0.566946387290955,0.0275807790458202,0.994069457054138,0.910218775272369
1,0,-51.7791666663333,-20.3208333331995,0.0330272614955902,-0.924037277698517,0.258487612009048,0.946611642837524,0.872991740703583
4,0,-46.1291666663333,-17.179166666521,-0.29706671833992,-1.67485427856445,-1.00017642974854,0.943149626255035,0.435577362775803
2,0,-44.1624999996667,-16.6124999998522,-0.780372679233551,-1.09204721450806,-1.20122087001801,1.25854194164276,0.638083875179291
3,0,-50.3624999996667,-15.854166666516,0.691547751426697,-1.47367823123932,-0.78500109910965,0.832026481628418,0.498021334409714
2,0,-46.0791666663333,-15.3374999998474,0.671367883682251,-1.07591259479523,-1.39237022399902,2.132408618927,-0.128400564193726
4,0,-46.1041666663333,-11.762499999834,-0.123823113739491,-1.9289311170578,-0.98318487405777,0.866007745265961,0.322916954755783
3,0,-45.7124999996667,-19.6624999998637,-0.461091637611389,-0.532135248184204,-0.477651059627533,1.9836608171463,0.599939465522766
3,0,-47.1874999996667,-14.3624999998438,0.323429882526398,-1.90421140193939,-0.894708395004272,0.527709126472473,0.729038655757904
3,0,-50.9874999996667,-17.0374999998538,0.408425778150558,-0.859810829162598,-0.807091951370239,1.13005673885345,0.423351109027863
1,0,-47.9374999996667,-17.704166666523,0.0454504415392876,-0.651835322380066,-0.90516996383667,1.84414911270142,0.743672311306
2,0,-49.7291666663333,-16.5958333331855,0.627925217151642,-1.24437427520752,-0.900210559368134,0.845428287982941,0.497266799211502
4,0,-44.1791666663333,-19.2874999998623,-0.485350131988525,-0.669788122177124,-0.840426385402679,1.68345034122467,0.663238525390625
1,0,-44.7624999996667,-16.5791666665188,-0.945344924926758,-1.57917904853821,-0.841061890125275,1.0618292093277,0.362549424171448
1,0,-42.4624999996667,-20.9374999998685,-0.789130330085754,0.384513974189758,-0.416367411613464,1.46568405628204,0.584131956100464
3,0,-42.320833333,-17.4124999998552,-0.99704784154892,-0.720581471920013,-1.19491767883301,0.639112651348114,0.820195555686951
3,0,-47.695833333,-12.9458333331718,0.372571915388107,-2.21101450920105,-0.890308916568756,0.653293311595917,0.587183177471161
4,0,-56.795833333,-17.2624999998547,0.331710129976273,-1.68725478649139,0.214752599596977,0.089673824608326,0.923569798469543
1,0,-46.095833333,-22.6374999998749,-0.283922076225281,1.23282873630524,-0.190876424312592,1.76469671726227,0.819400906562805
2,0,-46.2374999996667,-13.9624999998423,0.13132107257843,-1.30457293987274,-1.41892147064209,0.700853228569031,0.410838007926941
2,0,-54.1791666663333,-20.6874999998676,0.579078376293182,-0.301892787218094,0.361535668373108,0.528605699539185,0.932031273841858
4,0,-46.220833333,-15.5958333331817,0.0178899727761745,-1.23927581310272,-1.20087122917175,1.24371564388275,0.300266653299332
3,0,-48.3124999996667,-22.2541666665401,-0.322320997714996,-0.0229840930551291,-0.162698939442635,1.07165586948395,0.826360464096069
4,0,-48.845833333,-11.3208333331657,0.831091344356537,-1.87819647789001,-0.819575607776642,0.881853878498077,0.556981861591339
3,0,-52.920833333,-12.9041666665049,0.512649953365326,-1.82602632045746,-0.836273193359375,1.34587287902832,0.312529742717743
1,0,-46.445833333,-14.779166666512,-0.203875929117203,-1.14659297466278,-1.34609484672546,0.691224038600922,0.482282042503357
2,0,-55.8124999996667,-15.7124999998488,0.585412561893463,-1.37462902069092,0.0160110648721457,0.997291803359985,1.20330262184143
1,0,-46.0124999996667,-22.7791666665421,-0.646074593067169,2.53887224197388,-0.174589544534683,2.40082812309265,0.45233753323555
3,0,-48.6041666663333,-13.0624999998389,0.542931139469147,-2.02047538757324,-0.925012171268463,0.803848385810852,0.539157271385193
1,0,-52.195833333,-14.4874999998442,0.262069404125214,-1.90455996990204,-0.517322361469269,1.17453300952911,0.46509176492691
1,0,-54.4291666663333,-15.0791666665131,0.506785571575165,-0.609622061252594,-0.594945549964905,2.65378141403198,0.640576720237732
1,0,-47.2874999996667,-14.4958333331776,0.330693036317825,-1.75040006637573,-0.966271281242371,0.551801741123199,0.726372420787811
1,0,-41.2874999996667,-19.8208333331976,-0.264796286821365,0.138052701950073,-0.31134769320488,0.287002831697464,0.917533040046692
2,0,-49.1041666663333,-12.0708333331685,0.898931741714478,-2.10675692558289,-0.846270442008972,0.955254971981049,0.473501145839691
2,0,-41.3791666663333,-19.2624999998622,-0.3525151014328,0.435700327157974,-0.559867739677429,0.37353304028511,0.884704768657684
3,0,-51.120833333,-13.1624999998392,0.898979425430298,-2.32561659812927,-0.749306619167328,0.923673927783966,0.471347689628601
3,0,-55.0791666663333,-14.2708333331767,0.767330050468445,-1.1708220243454,-0.817701995372772,1.86424708366394,0.873203337192535
2,0,-53.670833333,-14.7291666665118,0.676503658294678,-0.725218832492828,-0.545617163181305,2.94928383827209,0.603934586048126
2,0,-45.245833333,-15.8708333331828,-0.799812972545624,-2.00509643554688,-0.893888235092163,0.911986589431763,0.33575177192688
2,0,-47.670833333,-12.9374999998384,0.340931534767151,-2.31157398223877,-0.895186901092529,0.627270519733429,0.584986448287964
1,0,-53.6291666663333,-16.3458333331846,0.190869018435478,-0.806932687759399,-0.394007802009583,2.14601278305054,0.546577215194702
3,0,-46.4291666663333,-23.0708333332099,-0.373834282159805,1.43415880203247,-0.410427212715149,0.885967791080475,0.89546263217926
2,0,-41.3124999996667,-18.3458333331921,-0.247719809412956,-0.554944336414337,-0.446557223796844,0.0257656164467335,0.99163019657135
3,0,-42.370833333,-15.7124999998488,-1.3028701543808,-1.11925446987152,-1.38517642021179,0.453607469797134,0.806260108947754
3,0,-45.8624999996667,-12.7041666665042,0.0486585311591625,-2.11440372467041,-1.37110912799835,-0.0380148068070412,0.0568141676485538
2,0,-48.0041666663333,-13.454166666507,0.498338788747787,-1.79980909824371,-1.06021106243134,0.707726359367371,0.6238072514534
1,0,-55.770833333,-15.6124999998485,0.607931315898895,-1.33051407337189,-0.0237082857638597,1.09403622150421,1.25991547107697
3,0,-54.1624999996667,-16.0041666665166,0.318161457777023,-0.942817091941833,-0.348393499851227,1.95876467227936,0.740712344646454
3,0,-48.4874999996667,-18.0374999998576,0.128779545426369,-0.922353327274323,-0.848771154880524,1.51734960079193,0.782988786697388
1,0,-53.9624999996667,-15.9041666665162,0.300776124000549,-0.880523264408112,-0.387624561786652,2.23921680450439,0.681164383888245
1,0,-43.4041666663333,-16.1458333331838,-0.888036251068115,-1.81039869785309,-1.21299934387207,0.658621728420258,0.797574937343597
4,0,-50.1124999996667,-15.8791666665161,0.658155262470245,-1.11462140083313,-0.992613136768341,0.760261297225952,0.521606624126434
1,0,-52.595833333,-18.137499999858,0.421844124794006,-0.384278357028961,-0.477096855640411,1.50519299507141,0.516493439674377
1,0,-44.645833333,-15.1624999998468,-0.747654438018799,-1.89344608783722,-1.33389568328857,0.658752501010895,0.336800128221512
4,0,-54.6124999996667,-17.6708333331895,0.277249842882156,-0.834088563919067,-0.0240689739584923,1.31669080257416,0.567405700683594
2,0,-43.8541666663333,-19.1874999998619,-0.424716830253601,-0.00274901324883103,-1.24146997928619,1.78991937637329,0.625669479370117
3,0,-45.545833333,-13.3458333331733,-0.421637266874313,-1.94699347019196,-1.34919083118439,0.224960848689079,0.559532821178436
2,0,-52.5541666663333,-17.2124999998545,0.347406476736069,-0.795255482196808,-0.715104699134827,1.05959033966064,0.251470327377319
1,0,-48.3791666663333,-21.8958333332054,-0.175078928470612,-0.165365993976593,-0.20944456756115,1.30934834480286,0.90219920873642
1,0,-52.320833333,-14.5124999998443,0.269335567951202,-1.9441454410553,-0.481075346469879,1.2398841381073,0.442821770906448
4,0,-54.4374999996667,-20.5541666665337,0.672492206096649,-0.374891996383667,0.310461610555649,0.458863079547882,0.801127910614014
3,0,-42.195833333,-17.5708333331892,-1.02411270141602,-0.146400064229965,-1.18190431594849,0.676202058792114,0.793693721294403
3,0,-52.770833333,-15.0124999998462,0.140675455331802,-1.64145386219025,-0.489307373762131,1.6050922870636,0.246670141816139
4,0,-42.295833333,-20.012499999865,-0.734034240245819,-0.0197502877563238,-0.53497713804245,1.13839554786682,0.732749402523041
4,0,-46.9624999996667,-22.479166666541,-0.361222922801971,0.437922835350037,-0.310514956712723,1.3205509185791,0.933568835258484
4,0,-47.7374999996667,-20.4541666665333,0.272940188646317,-0.236951589584351,-0.754259407520294,1.57536554336548,0.903694570064545
2,0,-43.2874999996667,-20.4291666665332,-0.445630460977554,0.180249974131584,-0.751398742198944,1.42770624160767,0.733197271823883
2,0,-50.7041666663333,-16.9624999998535,0.577969431877136,-1.00306355953217,-0.905864775180817,0.941653430461884,0.504174292087555
2,0,-56.570833333,-17.6041666665226,0.323633372783661,-1.67665266990662,0.296601295471191,0.201780259609222,0.859365582466125
3,0,-51.020833333,-16.8041666665196,0.517481923103333,-0.944831848144531,-0.903449594974518,0.963620126247406,0.487104505300522
2,0,-51.7374999996667,-16.3041666665177,0.457172751426697,-1.65491724014282,-0.535038709640503,0.970661640167236,0.406316637992859
4,0,-43.0541666663333,-20.7458333332011,-0.599942088127136,0.484878867864609,-0.626693069934845,1.2916122674942,0.67168402671814
1,0,-46.2374999996667,-20.5124999998669,-0.28548076748848,0.706489503383636,-0.648693799972534,2.05914258956909,0.668074667453766
4,0,-44.4541666663333,-14.3958333331772,-0.832291007041931,-2.31764483451843,-1.06700587272644,0.363039165735245,0.522742331027985
1,0,-52.2291666663333,-17.6874999998563,0.366008013486862,-0.26555210351944,-0.660553455352783,1.54829084873199,0.576429307460785
3,0,-41.1874999996667,-18.3291666665253,-0.130363866686821,-0.920496106147766,-0.319104611873627,-0.140850260853767,1.04350543022156
1,0,-56.2124999996667,-16.4791666665184,0.318194836378098,-1.525998711586,0.0969196557998657,0.362547367811203,0.956586718559265
3,0,-42.295833333,-19.5624999998633,-0.274722009897232,-0.313080698251724,-0.552611410617828,0.868349492549896,0.850357949733734
1,0,-54.845833333,-16.9208333331867,0.296209424734116,-1.01770877838135,-0.0500153861939907,1.41724896430969,0.624434232711792
3,0,-56.5374999996667,-14.9874999998461,0.364960730075836,-0.919141113758087,0.00979842897504568,0.410937279462814,1.28574812412262
3,0,-41.770833333,-16.7541666665194,-1.21619868278503,-1.07334220409393,-1.12654912471771,0.193940088152885,0.9050452709198
1,0,-42.4541666663333,-16.8874999998533,-0.999956607818604,-1.79536581039429,-0.991609990596771,0.582344591617584,0.821384251117706
3,0,-52.595833333,-12.0541666665017,0.849346399307251,-2.12646198272705,-0.639159440994263,1.38303685188293,0.340567141771317
1,0,-44.6374999996667,-22.4708333332076,-0.0487910285592079,0.621490478515625,-0.224315136671066,1.89158821105957,0.840409576892853
3,0,-45.9874999996667,-17.3958333331885,-0.386665880680084,-1.61841475963593,-1.03186976909637,0.967196106910706,0.448207795619965
4,0,-54.9374999996667,-13.4958333331738,0.889130532741547,-1.15467047691345,-0.745962500572205,2.50611162185669,0.829375684261322
2,0,-53.920833333,-19.7124999998639,0.518243372440338,-0.586571872234344,0.0913282036781311,0.807842671871185,0.81959193944931
2,0,-48.7541666663333,-15.7291666665156,0.212285503745079,-0.261085271835327,-1.37506997585297,0.608934938907623,0.654854238033295
4,0,-48.320833333,-15.2291666665137,0.160782560706139,-1.21686124801636,-1.03448283672333,0.627998828887939,0.621973395347595
4,0,-45.7041666663333,-13.1458333331725,-0.133222863078117,-1.91319632530212,-1.21222901344299,0.421681851148605,0.50584477186203
4,0,-57.0624999996667,-15.4791666665146,0.380041241645813,-0.562547504901886,-0.445781499147415,1.0783269405365,1.25207376480103
3,0,-51.8624999996667,-17.4208333331886,0.214061677455902,-0.302476108074188,-0.902543306350708,1.21923089027405,0.315979480743408
4,0,-49.7791666663333,-21.8208333332052,-0.493664979934692,-0.305091142654419,0.293681472539902,0.899014174938202,0.823679268360138
2,0,-50.3874999996667,-20.7624999998678,-0.421945810317993,-0.861775040626526,0.0282505266368389,0.932171821594238,0.885275959968567
2,0,-52.9791666663333,-16.1791666665173,0.216470032930374,-1.31578290462494,-0.302226990461349,2.03795337677002,0.571877121925354
3,0,-51.7624999996667,-15.487499999848,0.44513064622879,-1.88212156295776,-0.508812546730042,0.99812251329422,0.451695054769516
3,0,-42.795833333,-20.6458333332007,-0.789551615715027,0.462742775678635,-0.538306057453156,1.32675075531006,0.596361219882965
1,0,-45.9541666663333,-22.7458333332086,-0.816558063030243,2.93447542190552,-0.126717135310173,2.6727397441864,0.312834680080414
1,0,-45.4874999996667,-11.9208333331679,-0.396427422761917,-2.15170192718506,-1.00094044208527,0.635241687297821,0.392836898565292
2,0,-47.5374999996667,-18.1541666665247,0.198014855384827,-0.564608931541443,-1.14901745319366,1.67970073223114,0.826959848403931
4,0,-47.8874999996667,-16.1208333331837,-0.172029927372932,-0.430436581373215,-1.31794190406799,1.08472740650177,0.355653345584869
1,0,-54.570833333,-15.1708333331801,0.476545244455338,-0.511355757713318,-0.603768169879913,2.48784685134888,0.718148231506348
2,0,-42.120833333,-20.3874999998664,-0.935264647006989,0.889010429382324,-0.580376148223877,1.41120004653931,0.581155776977539
2,0,-51.8791666663333,-18.9708333331944,0.508667767047882,-0.610205173492432,-0.317890495061874,1.58822762966156,0.900801241397858
1,0,-47.395833333,-18.1708333331914,0.218791976571083,-0.636710107326508,-1.1098712682724,1.80419230461121,0.784892141819
1,0,-47.2541666663333,-11.145833333165,0.267860263586044,-1.79736542701721,-0.989674150943756,0.742734849452972,0.525254487991333
2,0,-49.2124999996667,-18.5541666665262,0.0405139587819576,-1.27747666835785,-0.519524753093719,1.52548205852509,0.746824502944946
1,0,-55.1541666663333,-14.162499999843,0.759742617607117,-1.07825350761414,-0.863750994205475,2.08778929710388,0.850826025009155
3,0,-45.3624999996667,-19.2541666665288,-0.343145102262497,-0.755765736103058,-0.698264360427856,1.68569016456604,0.769293308258057
4,0,-49.2874999996667,-12.5124999998368,0.904197216033936,-2.24065852165222,-0.850255370140076,0.86001056432724,0.500511825084686
2,0,-46.445833333,-21.5041666665373,-0.275444269180298,0.548387050628662,-0.582211256027222,1.77356779575348,0.707323849201202
3,0,-47.145833333,-16.6874999998525,-0.332166910171509,-0.544061481952667,-1.23013317584991,1.3030378818512,0.12758857011795
3,0,-55.3374999996667,-17.8624999998569,0.470938175916672,-1.57860100269318,0.394015699625015,0.842670917510986,0.726238667964935
4,0,-46.8541666663333,-13.6624999998411,0.513899147510529,-2.15532827377319,-0.951558291912079,0.471841931343079,0.746980428695679
3,0,-54.0874999996667,-15.6791666665154,0.1995889544487,-0.582910597324371,-0.478669196367264,2.57679581642151,0.635867714881897
1,0,-55.5791666663333,-18.7374999998602,0.518432557582855,-1.48672604560852,0.571508407592773,0.530090093612671,0.640497088432312
3,0,-54.870833333,-18.8124999998605,0.432970136404037,-0.960434854030609,0.273781955242157,0.768392860889435,0.574313402175903
3,0,-41.220833333,-21.0874999998691,-0.180909141898155,-0.693989038467407,0.0281266532838345,-0.720627665519714,1.06715774536133
2,0,-51.1291666663333,-19.8041666665309,0.161184996366501,-0.887903451919556,-0.104349590837955,1.54513323307037,0.830474555492401
1,0,-55.3624999996667,-17.5374999998557,0.43024742603302,-1.50390696525574,0.225940674543381,0.723493695259094,0.791287541389465
1,0,-44.5874999996667,-16.8624999998532,-0.627476096153259,-1.31967830657959,-0.659665882587433,1.70117115974426,0.784302413463593
2,0,-50.6874999996667,-17.4374999998553,0.599221467971802,-0.901241362094879,-0.954897224903107,0.949382305145264,0.516084015369415
2,0,-45.5624999996667,-13.0458333331721,-0.147699192166328,-1.92708766460419,-1.23456954956055,0.439116358757019,0.511005520820618
4,0,-50.195833333,-13.8208333331751,0.77016019821167,-2.17225933074951,-0.741623103618622,0.863821148872375,0.550603866577148
2,0,-44.4874999996667,-18.6958333331934,-0.670473158359528,-0.981233954429626,-0.980244040489197,1.64312887191772,0.58024799823761
2,0,-48.2624999996667,-12.0874999998352,0.616034090518951,-2.05049180984497,-0.919973731040955,0.896913290023804,0.460407912731171
3,0,-47.2791666663333,-19.5291666665299,0.296941995620728,0.442453503608704,-1.15571212768555,1.85792171955109,0.733854293823242
3,0,-48.8124999996667,-19.645833333197,0.313788443803787,-0.534376323223114,-0.38099792599678,2.02943325042725,0.952482163906097
1,0,-56.2124999996667,-16.6374999998523,0.303844183683395,-1.57448029518127,0.108550719916821,0.439574360847473,0.918126106262207
1,0,-56.845833333,-14.9041666665125,0.722302854061127,-1.15671801567078,-0.208991631865501,1.0023158788681,1.33487057685852
2,0,-54.6624999996667,-18.5124999998594,0.528372585773468,-1.2585072517395,0.413527280092239,0.833282172679901,0.606104850769043
1,0,-52.4624999996667,-15.5458333331815,0.135276630520821,-1.49738323688507,-0.598527371883392,1.29309034347534,0.278760612010956
1,0,-43.8541666663333,-18.1458333331913,-0.534084975719452,0.565900862216949,-1.6742537021637,1.34730899333954,0.766213655471802
1,0,-55.370833333,-17.9624999998573,0.439038813114166,-1.56477665901184,0.43306639790535,0.784191310405731,0.707735598087311
1,0,-53.570833333,-15.4708333331813,0.234608843922615,-0.844979405403137,-0.402573883533478,2.73183250427246,0.59218692779541
3,0,-46.3291666663333,-18.4708333331925,0.15859991312027,-0.181994900107384,-1.29466807842255,1.54516696929932,0.891023218631744
4,0,-48.445833333,-20.6041666665339,0.0166636109352112,-1.01784718036652,-0.43596738576889,1.28329622745514,0.839121043682098
3,0,-46.020833333,-14.6291666665114,0.0131864417344332,-1.46057403087616,-1.37136328220367,0.813815712928772,0.403590440750122
3,0,-47.3124999996667,-11.2541666664987,0.294201493263245,-1.83987605571747,-0.959196269512177,0.759237229824066,0.500246167182922
3,0,-42.4291666663333,-17.3208333331882,-0.989725828170776,-1.06825232505798,-1.13396668434143,0.697733700275421,0.809726595878601
1,0,-43.1374999996667,-20.5624999998671,-0.54846727848053,0.183443441987038,-0.635567486286163,1.32542490959167,0.705503344535828
3,0,-53.2124999996667,-19.7958333331975,0.493784606456757,-0.771524608135223,0.206444546580315,1.00300931930542,0.825313210487366
4,0,-52.720833333,-20.2208333331991,0.322419852018356,-0.720055460929871,0.255414128303528,0.837602913379669,0.92940366268158
2,0,-52.1541666663333,-16.0791666665169,0.353461235761642,-1.68342196941376,-0.457138925790787,1.0589497089386,0.336455225944519
1,0,-41.7374999996667,-18.5291666665261,-0.115785025060177,-1.23503124713898,-0.401380330324173,0.223145186901093,0.988182365894318
4,0,-44.470833333,-20.5124999998669,-0.171275720000267,-0.0896611213684082,-0.856258153915405,2.01436710357666,0.629817366600037
4,0,-45.3041666663333,-16.8708333331865,-0.815944314002991,-1.8106586933136,-0.632853329181671,1.33315622806549,0.811755120754242
1,0,-55.620833333,-14.0874999998427,0.963832199573517,-1.09519135951996,-0.850163578987122,1.96603393554688,0.963527202606201
4,0,-52.1874999996667,-20.6874999998676,-0.0657284706830978,-0.774551630020142,0.309664875268936,0.479486435651779,0.949674963951111
2,0,-42.695833333,-18.1208333331912,-0.646836876869202,-0.292537122964859,-0.91884458065033,1.11708188056946,0.668594002723694
4,0,-44.595833333,-14.3208333331769,-0.792902827262878,-2.29982399940491,-1.10732984542847,0.367897391319275,0.528254151344299
1,0,-49.4124999996667,-18.4874999998593,0.218147620558739,-1.17673146724701,-0.624734580516815,1.44917273521423,0.790401637554169
1,0,-51.8124999996667,-17.1458333331876,0.360321760177612,-0.752250671386719,-0.825749278068542,1.12037539482117,0.363059759140015
2,0,-54.5374999996667,-14.7624999998453,0.581223607063293,-0.394243121147156,-0.917143046855927,2.38853454589844,0.558703303337097
3,0,-54.7291666663333,-15.3708333331809,0.365357905626297,-0.522230923175812,-0.554354846477509,2.21403455734253,0.760545909404755
3,0,-46.470833333,-12.8791666665048,0.418729305267334,-2.31161379814148,-1.16945934295654,-0.175368577241898,0.200207740068436
2,0,-49.1624999996667,-14.6708333331783,0.409530490636826,-1.55334389209747,-0.875268816947937,0.727765917778015,0.626225054264069
1,0,-50.3541666663333,-14.6374999998448,0.665578782558441,-2.02990126609802,-0.677133679389954,0.851370632648468,0.538187146186829
2,0,-47.3374999996667,-18.4541666665258,0.231357589364052,-0.288776218891144,-1.31043529510498,1.80193173885345,0.824982464313507
4,0,-46.2541666663333,-16.1374999998504,-0.453427731990814,-1.25325036048889,-1.07824945449829,0.887964010238647,0.41352191567421
3,0,-53.4874999996667,-12.4374999998365,0.884795010089874,-1.80279362201691,-0.451508522033691,2.25981903076172,0.709367156028748
2,0,-52.9124999996667,-17.0291666665205,0.408772945404053,-1.01157164573669,-0.327901035547256,1.66471064090729,0.521022200584412
2,0,-41.1624999996667,-19.2208333331954,-0.0894060581922531,-0.761999607086182,-0.211719214916229,0.0650362968444824,0.991553783416748
3,0,-49.7541666663333,-17.8124999998567,0.306685239076614,-0.983367741107941,-0.896770358085632,1.0543384552002,0.427250146865845
2,0,-53.3874999996667,-14.4958333331776,0.305633395910263,-1.23945808410645,-0.641276836395264,1.82142925262451,0.211847364902496
3,0,-44.8374999996667,-18.4791666665259,-0.622180163860321,-0.632749676704407,-1.16264188289642,1.52216923236847,0.710027933120728
4,0,-46.8874999996667,-20.629166666534,-0.0592419169843197,0.0266195982694626,-0.567323088645935,1.78040313720703,0.839938998222351
4,0,-47.6624999996667,-12.1208333331687,0.35463958978653,-1.84373450279236,-1.07260191440582,0.717933475971222,0.528414666652679
3,0,-53.5541666663333,-17.5708333331892,0.323337823152542,-0.732980966567993,-0.245548903942108,1.58643686771393,0.483879774808884
3,0,-49.5874999996667,-15.7208333331822,0.601520776748657,-1.14919340610504,-0.955767333507538,0.750262439250946,0.522277474403381
1,0,-49.0874999996667,-11.7124999998338,0.940085053443909,-2.0271680355072,-0.873818635940552,0.956847012042999,0.526780843734741
4,0,-51.3374999996667,-18.504166666526,0.493599534034729,-0.708449125289917,-0.586454033851624,1.43639969825745,0.757778167724609
2,0,-45.220833333,-17.7208333331897,-0.661181628704071,-1.13189899921417,-1.04283332824707,1.25097060203552,0.814495503902435
4,0,-45.9791666663333,-14.8958333331791,0.155532792210579,-1.31369769573212,-1.37753212451935,1.39238595962524,0.143248304724693
4,0,-47.4874999996667,-14.8458333331789,-0.0297093372792006,-0.311880618333817,-1.54727756977081,0.680044949054718,0.611121416091919
2,0,-54.3541666663333,-17.1541666665209,0.238553702831268,-0.763778388500214,-0.233795925974846,1.53736400604248,0.549591243267059
2,0,-43.0624999996667,-15.8791666665161,-1.18197250366211,-1.43341052532196,-1.31498694419861,0.705707192420959,0.759670853614807
3,0,-54.570833333,-16.2208333331841,0.354427397251129,-1.16503155231476,-0.200561210513115,1.68747973442078,0.764430284500122
1,0,-49.6624999996667,-19.4791666665297,0.0935676544904709,-1.03888320922852,-0.325725793838501,1.63449895381927,0.987052857875824
2,0,-46.5041666663333,-15.8624999998494,-0.405083537101746,-0.879977941513062,-1.28101682662964,1.08555793762207,0.375418961048126
2,0,-46.920833333,-19.1291666665284,0.24085322022438,0.636410236358643,-1.43976473808289,1.87715923786163,0.749973058700562
1,0,-45.695833333,-14.1874999998431,-0.338495224714279,-1.67818534374237,-1.39865624904633,0.5332350730896,0.431900322437286
3,0,-41.7041666663333,-16.5374999998519,-1.08221185207367,-2.30160284042358,-0.792172431945801,0.165563225746155,0.845544576644897
4,0,-50.6874999996667,-20.6874999998676,-0.447347193956375,-0.844310462474823,0.0648413524031639,0.881311476230621,0.889704287052155
1,0,-49.7541666663333,-19.4791666665297,0.0572256445884705,-0.810154676437378,-0.419181525707245,1.60689699649811,0.989039480686188
3,0,-52.6791666663333,-17.9958333331908,0.377808451652527,-0.54856276512146,-0.441571056842804,1.47121751308441,0.505907297134399
2,0,-55.6291666663333,-16.470833333185,0.412499785423279,-1.51074588298798,0.0665228664875031,0.775275230407715,0.884494960308075
2,0,-46.3874999996667,-13.9458333331755,0.398106783628464,-1.64436650276184,-1.26907539367676,0.4059898853302,0.57925021648407
2,0,-46.5874999996667,-13.9541666665089,0.349674016237259,-2.19442963600159,-0.885559380054474,0.429258018732071,0.726593792438507
3,0,-53.0041666663333,-14.8541666665123,0.184045776724815,-1.59430575370789,-0.491291850805283,1.73533058166504,0.259393125772476
4,0,-49.995833333,-19.2208333331954,0.202553436160088,-1.04436278343201,-0.436969786882401,1.49125480651855,0.900651037693024
1,0,-55.595833333,-15.2208333331803,0.550394356250763,-0.961125671863556,-0.355437606573105,1.4697071313858,1.22828722000122
3,0,-47.095833333,-11.7124999998338,0.494565725326538,-2.2769889831543,-0.857463240623474,0.679675459861755,0.521527707576752
2,0,-46.9541666663333,-17.6874999998563,0.192367792129517,-1.10577523708344,-0.910966634750366,1.66519176959991,0.736384987831116
4,0,-51.745833333,-15.9791666665165,0.457823395729065,-1.79451823234558,-0.478940010070801,0.997226238250732,0.4095099568367
2,0,-45.320833333,-22.7124999998752,-0.231512621045113,1.25362348556519,-0.28165191411972,1.7410272359848,0.685932636260986
4,0,-53.820833333,-15.6458333331819,0.140220522880554,-0.593014776706696,-0.488026022911072,2.62224388122559,0.598748922348022
4,0,-42.6874999996667,-18.9958333331945,-0.368513107299805,0.584181368350983,-0.928007423877716,1.53577542304993,0.58506852388382
2,0,-55.4124999996667,-14.7708333331786,0.675047099590302,-1.12255465984344,-0.66273820400238,1.38535380363464,0.993171751499176
1,0,-44.9624999996667,-14.1291666665096,-0.807593047618866,-2.04861044883728,-1.26179933547974,0.442350596189499,0.474870979785919
4,0,-45.6624999996667,-14.5374999998444,-0.264376074075699,-1.55481803417206,-1.39490973949432,0.82612407207489,0.317067921161652
2,0,-45.495833333,-14.3208333331769,-0.448171108961105,-1.71666514873505,-1.35242021083832,0.627515316009521,0.397592276334763
1,0,-46.8291666663333,-19.120833333195,0.207241162657738,0.151458203792572,-1.20796012878418,1.77855539321899,0.771315455436707
2,0,-54.3041666663333,-15.4374999998478,0.350395858287811,-0.649122536182404,-0.453855007886887,2.54468011856079,0.663506865501404
3,0,-44.1041666663333,-21.2124999998695,-0.350418448448181,0.418051421642303,-0.825231850147247,1.68252611160278,0.692278623580933
3,0,-47.120833333,-18.229166666525,0.406008660793304,-0.195382431149483,-1.35699141025543,1.91971170902252,0.762665748596191
2,0,-44.6874999996667,-16.3041666665177,-0.927007555961609,-1.63148736953735,-0.809076428413391,1.05217909812927,0.349508792161942
2,0,-45.5791666663333,-22.4291666665408,-0.442301779985428,0.839351654052734,-0.00411060778424144,2.29332208633423,0.692527055740356
3,0,-54.1874999996667,-14.5208333331777,0.819950640201569,-0.877457797527313,-0.652718961238861,2.60316038131714,0.696454584598541
4,0,-50.9124999996667,-19.3374999998625,0.340948700904846,-1.04627668857574,-0.263252705335617,1.58319509029388,0.874907076358795
4,0,-54.595833333,-13.7374999998414,0.671257019042969,-1.08661592006683,-0.879893600940704,2.21076583862305,0.765500068664551
4,0,-43.7291666663333,-17.8458333331902,-0.532238185405731,0.43431356549263,-1.51958453655243,1.00500404834747,0.916592419147491
3,0,-50.5791666663333,-15.6291666665152,0.706329822540283,-1.80126881599426,-0.659026086330414,0.838941335678101,0.516005218029022
4,0,-42.620833333,-17.1124999998541,-0.917255997657776,-1.44058561325073,-1.07655370235443,0.65397584438324,0.823533535003662
1,0,-54.570833333,-14.2124999998432,0.66075336933136,-0.881254136562347,-0.870334386825562,2.19821429252625,0.678123235702515
3,0,-53.3791666663333,-12.7708333331711,0.774144470691681,-1.71216404438019,-0.572614133358002,2.09709024429321,0.784007489681244
1,0,-45.120833333,-12.1958333331689,-0.496480226516724,-2.10935950279236,-0.960035860538483,0.480357259511948,0.496793776750565
1,0,-51.1124999996667,-12.5124999998368,1.10701370239258,-2.44085025787354,-0.766047358512878,0.907623767852783,0.483608543872833
1,0,-53.1291666663333,-16.6624999998524,0.19392529129982,-0.537910342216492,-0.536902010440826,1.96386802196503,0.462107867002487
3,0,-48.0041666663333,-17.6374999998561,0.0086000869050622,-0.43204528093338,-1.04309153556824,1.81341338157654,0.676509737968445
1,0,-54.7041666663333,-14.8291666665122,0.605103313922882,-0.78670859336853,-0.828429043292999,1.95580196380615,0.701399981975555
4,0,-47.2791666663333,-21.0958333332024,-0.000617785670328885,0.0533945001661777,-0.491343706846237,1.49041616916656,0.819771826267242
3,0,-47.4624999996667,-18.2791666665252,0.201644867658615,-0.521783888339996,-1.21457290649414,1.69672012329102,0.837185323238373
3,0,-55.070833333,-20.1291666665321,0.70471203327179,-1.02127587795258,0.597328007221222,0.524263560771942,0.798084020614624
1,0,-52.3124999996667,-17.4374999998553,0.128560289740562,-0.227178558707237,-0.783334672451019,1.3151524066925,0.180396944284439
4,0,-45.3124999996667,-16.195833333184,-0.966551125049591,-1.96188509464264,-0.8104168176651,0.90881085395813,0.398987531661987
1,0,-48.3874999996667,-15.579166666515,0.160318791866302,-0.622769236564636,-1.251384973526,0.528764486312866,0.676269054412842
3,0,-43.670833333,-20.2291666665325,-0.343715667724609,0.311394423246384,-1.10473525524139,1.84004664421082,0.624048054218292
4,0,-51.5874999996667,-15.304166666514,0.440798729658127,-1.90530514717102,-0.518360078334808,0.99441921710968,0.445849925279617
4,0,-47.645833333,-21.9624999998723,-0.303339064121246,0.142593368887901,-0.382758647203445,1.21667098999023,0.75269091129303
2,0,-48.395833333,-21.0041666665354,0.0207691118121147,-0.675920128822327,-0.518289804458618,1.32304894924164,0.875571250915527
3,0,-56.470833333,-16.0708333331835,0.391735285520554,-1.49823892116547,0.19405671954155,0.718869864940643,1.17453980445862
3,0,-52.9291666663333,-15.6208333331818,0.133335515856743,-1.46922838687897,-0.256221979856491,2.31010866165161,0.556411266326904
4,0,-54.5624999996667,-16.0374999998501,0.352405667304993,-1.05620861053467,-0.276337474584579,1.76079165935516,0.782417416572571
1,0,-54.3124999996667,-19.2374999998621,0.504666149616241,-0.946431219577789,0.208965793251991,0.723919093608856,0.557829022407532
3,0,-55.720833333,-17.9541666665239,0.412823528051376,-1.60101270675659,0.434340298175812,0.614724278450012,0.75089967250824
1,0,-51.0541666663333,-16.2791666665176,0.572922646999359,-1.27782297134399,-0.796717941761017,0.864851653575897,0.49985271692276
2,0,-48.895833333,-20.7041666665343,-0.00902594532817602,-1.16378402709961,-0.370650380849838,1.3469500541687,0.812387049198151
3,0,-46.1791666663333,-12.6124999998372,0.0835214555263519,-1.91925585269928,-1.31511318683624,0.200465530157089,-0.0574348904192448
2,0,-53.2791666663333,-17.0041666665204,0.131555587053299,-0.423992127180099,-0.497883975505829,1.94695150852203,0.420062214136124
2,0,-47.1791666663333,-21.7624999998716,-0.445543527603149,-0.231561779975891,-0.351360321044922,1.25458788871765,0.786511361598969
3,0,-45.7791666663333,-15.8208333331826,-0.436116307973862,-1.86265337467194,-0.919215261936188,1.07682979106903,0.272373080253601
3,0,-51.945833333,-19.9958333331983,0.232523486018181,-0.810096263885498,0.113718181848526,1.17467415332794,0.862187683582306
2,0,-51.995833333,-18.7874999998604,0.521762669086456,-0.486417263746262,-0.313227891921997,1.6783961057663,0.897318482398987
2,0,-48.2291666663333,-22.1291666665396,-0.255514860153198,0.0783738940954208,-0.212557330727577,1.26303064823151,0.943799138069153
3,0,-47.1124999996667,-18.8791666665274,0.228027403354645,0.067531444132328,-1.34220445156097,1.8829710483551,0.806709825992584
1,0,-50.445833333,-13.4374999998403,0.8569695353508,-2.24373960494995,-0.75215482711792,0.907736480236053,0.501829206943512
4,0,-47.9124999996667,-17.2874999998548,-0.216429233551025,-0.48366567492485,-1.23622810840607,1.33684182167053,0.144790232181549
2,0,-48.795833333,-19.5958333331968,0.147252753376961,-0.668216049671173,-0.465068399906158,1.60667514801025,0.601227283477783
2,0,-52.595833333,-20.6541666665341,0.145418390631676,-0.792537748813629,0.377175092697144,0.552097260951996,0.956814229488373
4,0,-49.195833333,-15.9541666665164,0.639354765415192,-0.988645255565643,-1.02751636505127,0.755979537963867,0.504803776741028
4,0,-53.2541666663333,-18.3458333331921,0.252047598361969,-0.331129878759384,-0.359333842992783,1.36135673522949,0.48944416642189
3,0,-49.0874999996667,-11.5791666665,0.937810480594635,-1.96582269668579,-0.865789294242859,0.909945547580719,0.549695909023285
1,0,-45.0291666663333,-21.8874999998721,-0.449951320886612,0.284868806600571,-0.105460174381733,2.58424949645996,0.659545361995697
3,0,-46.820833333,-14.1291666665096,0.355045020580292,-2.13999533653259,-0.863972187042236,0.49655744433403,0.751249849796295
2,0,-50.7624999996667,-20.2541666665326,-0.394467175006866,-0.965018033981323,-0.0769985839724541,0.989122867584229,0.881709575653076
2,0,-53.8791666663333,-13.9291666665088,0.633886933326721,-1.33243536949158,-0.495326012372971,2.29807162284851,0.711522221565247
4,0,-52.6624999996667,-17.7541666665232,0.396603643894196,-0.528060138225555,-0.468042701482773,1.56655049324036,0.485333532094955
2,0,-46.8791666663333,-22.6041666665414,-0.423855543136597,0.552446186542511,-0.345800518989563,0.894258320331573,0.86243599653244
1,0,-53.0624999996667,-12.7291666665043,0.739899396896362,-1.77948462963104,-0.581998944282532,2.03801989555359,0.733554065227509
4,0,-46.395833333,-13.1041666665057,0.240358501672745,-1.94552481174469,-1.32021450996399,-0.168424978852272,0.236052438616753
1,0,-40.645833333,-19.1624999998618,0.167229533195496,-0.428935497999191,0.00553327519446611,-0.367334008216858,1.06775796413422
3,0,-44.070833333,-21.770833333205,-0.370600879192352,0.945225834846497,-0.874988555908203,1.84387981891632,0.699640393257141
1,0,-46.920833333,-19.6791666665304,0.237135246396065,0.886836171150208,-1.23527359962463,1.9445389509201,0.651159346103668
2,0,-42.545833333,-17.1624999998543,-0.992995083332062,-1.1988126039505,-1.13504564762115,0.675169169902802,0.814344227313995
1,0,-53.3291666663333,-16.4208333331848,0.197489842772484,-0.896392226219177,-0.36505788564682,2.06209254264832,0.478380560874939
3,0,-44.370833333,-20.8791666665349,-0.205817595124245,0.626192033290863,-1.01530873775482,2.08986282348633,0.580859065055847
3,0,-43.120833333,-18.4374999998591,-0.512555718421936,0.240832388401031,-0.957615256309509,1.48463356494904,0.619625210762024
3,0,-45.320833333,-21.9958333332058,-0.475827723741531,0.451334685087204,-0.115694388747215,2.65114235877991,0.662043452262878
4,0,-52.4791666663333,-12.4958333331701,0.700596630573273,-2.05436229705811,-0.652016878128052,1.42924773693085,0.292127728462219
4,0,-47.045833333,-14.595833333178,0.22334112226963,-1.93619203567505,-0.929905533790588,0.426441371440887,0.775844931602478
2,0,-50.1374999996667,-16.8291666665197,0.618338763713837,-1.03485214710236,-0.971843183040619,0.911984622478485,0.495965749025345
4,0,-48.395833333,-15.7541666665157,0.0787698850035667,-0.319536775350571,-1.31587910652161,0.642214775085449,0.650288939476013
4,0,-46.2541666663333,-17.7208333331897,-0.0411476790904999,-1.40494549274445,-1.24288499355316,0.827826082706451,0.470143646001816
2,0,-55.4124999996667,-19.7874999998642,0.76398903131485,-1.08290207386017,0.540760457515717,0.456840962171555,0.882030963897705
4,0,-43.7374999996667,-16.1624999998505,-0.946245610713959,-1.39909934997559,-1.4097855091095,0.691656351089478,0.778259038925171
1,0,-45.7791666663333,-21.2208333332029,-0.370821863412857,0.273633807897568,-0.244602560997009,1.89989900588989,0.555493056774139
2,0,-46.970833333,-13.5624999998408,0.589411377906799,-2.22927689552307,-0.941275000572205,0.413807660341263,0.740680575370789
4,0,-48.4791666663333,-14.9958333331795,0.182955205440521,-0.926051437854767,-1.21621835231781,0.561529695987701,0.679371774196625
1,0,-41.4124999996667,-17.2958333331881,-0.788756370544434,-1.13369560241699,-0.599826872348785,-0.0918078795075417,0.994111299514771
4,0,-50.3291666663333,-17.8291666665235,0.523776292800903,-1.28176331520081,-0.746287286281586,1.00591826438904,0.439972341060638
2,0,-46.4124999996667,-11.3458333331657,-0.233131527900696,-1.72825348377228,-1.01561498641968,0.865931153297424,0.373351007699966
2,0,-55.2541666663333,-15.0791666665131,0.664894342422485,-0.846639513969421,-0.527550458908081,1.84593570232391,1.20935535430908
4,0,-49.295833333,-19.7208333331973,0.0152090443298221,-1.04234218597412,-0.42940628528595,1.26998579502106,0.59943813085556
1,0,-43.995833333,-19.0541666665281,-0.582180023193359,-0.856465280056,-0.807629585266113,1.60236942768097,0.637249886989594
1,0,-52.870833333,-17.337499999855,0.232831835746765,-0.240405797958374,-0.61471301317215,1.81237077713013,0.453475207090378
2,0,-43.2374999996667,-15.4624999998479,-0.968302428722382,-2.33044719696045,-1.33722281455994,-0.212404653429985,0.754432439804077
4,0,-46.8041666663333,-14.4208333331773,0.164826199412346,-2.09193110466003,-0.863290190696716,0.484709709882736,0.75419008731842
3,0,-44.5291666663333,-20.4208333331999,-0.183737128973007,-0.0266904383897781,-0.915491163730621,1.99873650074005,0.631695687770844
1,0,-44.870833333,-16.3874999998514,-0.954466700553894,-1.82290470600128,-0.699960649013519,1.05957889556885,0.358544886112213
2,0,-52.5541666663333,-19.8458333331977,0.367651015520096,-0.722967028617859,0.12298172712326,1.09337437152863,0.825364589691162
4,0,-43.6874999996667,-15.9874999998499,-0.863025903701782,-2.19523787498474,-1.19530200958252,0.407498866319656,0.595857977867126
1,0,-48.4124999996667,-19.4541666665296,0.306774377822876,-0.393623858690262,-0.63957417011261,1.71397149562836,0.880457818508148
4,0,-56.745833333,-14.6958333331783,0.819289982318878,-1.35832107067108,-0.41584125161171,0.929139494895935,1.15143346786499
4,0,-44.4541666663333,-16.2208333331841,-0.948496580123901,-1.55429720878601,-0.963581502437592,0.811375796794891,0.434027850627899
3,0,-41.3541666663333,-18.3874999998589,-0.18706026673317,-0.844397068023682,-0.401220321655273,0.0345759987831116,1.00111937522888
2,0,-48.3874999996667,-18.2624999998584,0.148957163095474,-0.941665053367615,-0.823319315910339,1.53450214862823,0.774199664592743
3,0,-45.3791666663333,-18.9458333331943,-0.314916968345642,-1.01422345638275,-0.74058985710144,1.55167412757874,0.788098394870758
1,0,-47.670833333,-19.6541666665303,0.263075709342957,0.471000552177429,-1.0164383649826,1.7372909784317,0.844862222671509
3,0,-47.9374999996667,-20.3124999998661,0.298988521099091,-0.649908781051636,-0.64898282289505,1.63133478164673,0.862078130245209
2,0,-41.1791666663333,-18.9958333331945,-0.0420266166329384,-1.03590512275696,-0.289172470569611,-0.013285587541759,1.04237973690033
4,0,-55.6124999996667,-15.0458333331797,0.663149118423462,-1.0813056230545,-0.451556771993637,1.21843993663788,1.33814966678619
4,0,-54.8041666663333,-14.7541666665119,0.755817949771881,-0.87671160697937,-0.564593732357025,2.45888495445251,1.13276386260986
1,0,-52.9541666663333,-13.9708333331756,0.189861685037613,-1.68381500244141,-0.651817440986633,1.36939859390259,0.368409246206284
1,0,-48.3124999996667,-12.6291666665039,0.479167848825455,-2.07240343093872,-0.935472726821899,0.743899047374725,0.538181781768799
2,0,-52.8041666663333,-19.4708333331963,0.497149884700775,-0.79563981294632,0.0503438413143158,1.22371470928192,0.837099134922028
3,0,-45.4874999996667,-20.0708333331986,-0.401914238929749,-0.226796984672546,-0.449523478746414,1.98404514789581,0.515615940093994
2,0,-51.670833333,-17.4958333331889,0.26863020658493,-0.274785935878754,-0.968417882919312,1.21239745616913,0.362651824951172
4,0,-44.020833333,-18.1958333331915,-0.712115526199341,-0.0842288732528687,-1.51806032657623,1.24263596534729,0.747126042842865
4,0,-51.545833333,-19.1624999998618,0.439308851957321,-0.898074388504028,-0.273500710725784,1.49147570133209,0.780445635318756
2,0,-42.7374999996667,-21.2291666665363,-0.431981980800629,0.305041134357452,-0.557785212993622,1.33321845531464,0.745452105998993
3,0,-50.9541666663333,-21.2041666665362,-0.548651039600372,-0.588416635990143,0.0692795217037201,0.60307651758194,0.905221402645111
4,0,-45.2041666663333,-13.7374999998414,-0.797468721866608,-2.18093967437744,-1.28131783008575,0.170830741524696,0.529728591442108
3,0,-50.770833333,-16.6124999998522,0.587844014167786,-1.14631283283234,-0.84116542339325,0.948042333126068,0.477693617343903
2,0,-52.4374999996667,-13.6958333331746,0.24006062746048,-2.06789827346802,-0.638509631156921,1.26750648021698,0.309239536523819
4,0,-47.020833333,-15.920833333183,-0.383751899003983,-0.83874785900116,-1.26038146018982,0.988591432571411,0.338948845863342
2,0,-48.0124999996667,-21.2041666665362,0.0864504277706146,-0.446661651134491,-0.388834565877914,1.32281255722046,0.814881682395935
2,0,-53.8541666663333,-21.2291666665363,0.393207669258118,-0.408202528953552,0.579274415969849,0.311705470085144,0.936773896217346
4,0,-55.8291666663333,-18.7541666665269,0.560503482818604,-1.46039617061615,0.651187181472778,0.728852033615112,0.891272485256195
3,0,-54.5374999996667,-15.8874999998495,0.25348699092865,-0.500974357128143,-0.563418626785278,2.01623034477234,0.742190480232239
2,0,-42.0041666663333,-22.2208333332067,0.104410797357559,-0.350137054920197,0.174073725938797,-0.325009763240814,0.984085500240326
2,0,-50.870833333,-14.6124999998447,0.692323267459869,-2.07496929168701,-0.637510418891907,0.942008793354034,0.534916400909424
1,0,-49.820833333,-13.0041666665053,0.87637323141098,-2.19831204414368,-0.831506848335266,0.907568156719208,0.501569271087646
2,0,-43.3124999996667,-15.2041666665136,-0.945794999599457,-2.47913265228271,-1.19155943393707,-0.230084136128426,0.750554084777832
3,0,-51.945833333,-18.3374999998587,0.512993693351746,-0.700417876243591,-0.506900906562805,1.37174093723297,0.662136435508728
4,0,-44.6541666663333,-21.5791666665376,-0.116468943655491,0.782239973545074,-0.742071747779846,2.57309126853943,0.776349365711212
2,0,-42.720833333,-17.2874999998548,-0.964855015277863,-1.00364017486572,-1.16491329669952,0.812027454376221,0.776198267936707
4,0,-47.145833333,-18.1708333331914,0.373002856969833,-0.519894242286682,-1.22748422622681,1.83115470409393,0.783391892910004
3,0,-46.0791666663333,-16.4458333331849,-0.662491321563721,-1.31419706344604,-1.0482691526413,0.942597985267639,0.414843738079071
1,0,-46.045833333,-16.8291666665197,-0.623835265636444,-1.14863014221191,-1.16266644001007,0.930763185024261,0.404471755027771
1,0,-53.6291666663333,-17.0624999998539,0.22388269007206,-0.654805600643158,-0.331137627363205,1.91415190696716,0.43989485502243
1,0,-49.1374999996667,-20.0791666665319,0.0611830428242683,-1.24138963222504,-0.30964857339859,1.28328108787537,0.545327186584473
1,0,-49.2874999996667,-12.4291666665032,0.899033844470978,-2.2252254486084,-0.846838235855103,0.886962473392487,0.484422206878662
3,0,-46.4791666663333,-22.3874999998739,-0.313817888498306,0.749658286571503,-0.349757820367813,1.53652060031891,0.690977573394775
1,0,-45.4624999996667,-16.8208333331863,-0.751370370388031,-1.72105753421783,-0.648664712905884,1.40484523773193,0.816168367862701
4,0,-43.395833333,-19.8208333331976,-0.16506290435791,-0.119652129709721,-0.788934469223022,1.69072020053864,0.600590944290161
2,0,-47.9874999996667,-21.0708333332023,0.19472636282444,-0.63777482509613,-0.375432878732681,1.49116683006287,0.778490781784058
3,0,-53.320833333,-19.2041666665286,0.509741008281708,-0.444830417633057,-0.0707325711846352,1.30976045131683,0.805841267108917
1,0,-47.395833333,-14.0624999998426,0.432933419942856,-1.12516629695892,-1.28583896160126,0.782110273838043,0.643538951873779
3,0,-50.2291666663333,-19.7874999998642,-0.117418639361858,-1.11101579666138,-0.256605416536331,1.28139889240265,0.985526204109192
4,0,-47.4374999996667,-20.4791666665334,0.219697371125221,0.701656401157379,-0.790510535240173,1.18979501724243,0.937860131263733
1,0,-48.7541666663333,-18.9208333331942,-0.091575562953949,-0.75286591053009,-0.514141619205475,1.68823409080505,0.647422254085541
3,0,-41.3041666663333,-18.5624999998596,-0.224010676145554,-0.469582468271255,-0.47878035902977,0.115386985242367,0.985430002212524
3,0,-56.545833333,-14.6208333331781,0.91841858625412,-1.35188770294189,-0.546156942844391,0.968969464302063,1.15942656993866
4,0,-56.420833333,-15.2791666665139,0.180260196328163,-0.811825275421143,0.16200615465641,0.19127981364727,1.22967374324799
3,0,-48.5291666663333,-14.2708333331767,0.408697217702866,-1.28402245044708,-1.10940146446228,0.683739125728607,0.653376698493958
4,0,-52.2041666663333,-18.3541666665254,0.417014211416245,-0.651550948619843,-0.445459455251694,1.31826281547546,0.599362134933472
4,0,-46.4791666663333,-11.9791666665015,0.591441988945007,-2.46151995658875,-0.887906193733215,0.628325164318085,0.457918971776962
1,0,-49.9541666663333,-17.3541666665217,0.571862876415253,-1.27797186374664,-0.810123980045319,0.933378577232361,0.474122643470764
3,0,-51.195833333,-17.6624999998562,0.352900475263596,-0.514814734458923,-0.962773084640503,1.14846765995026,0.454914480447769
2,0,-51.4624999996667,-19.7624999998641,0.261991828680038,-0.73203045129776,-0.106276161968708,1.56138050556183,0.819143176078796
2,0,-43.8291666663333,-16.1624999998505,-0.652260422706604,-1.88411557674408,-1.10753417015076,1.21167457103729,0.895216882228851
4,0,-49.2124999996667,-14.7041666665117,0.426099330186844,-1.48256897926331,-0.932804822921753,0.711020767688751,0.627250134944916
1,0,-55.2874999996667,-14.0124999998424,0.847840666770935,-0.971154153347015,-0.872776031494141,2.21921348571777,0.900796055793762
1,0,-47.0041666663333,-19.7124999998639,0.261853843927383,0.93333238363266,-1.24785113334656,1.88531732559204,0.680552840232849
1,0,-45.5874999996667,-22.8874999998758,-0.197133496403694,0.663064181804657,-0.209563508629799,1.04796826839447,0.939230144023895
4,0,-47.045833333,-15.9958333331832,-0.365567833185196,-0.734623610973358,-1.29382514953613,1.00202870368958,0.295703172683716
1,0,-55.145833333,-15.2791666665139,0.477424502372742,-0.519393265247345,-0.523818373680115,2.18241024017334,1.01326644420624
2,0,-45.370833333,-18.8624999998607,-0.356387406587601,-1.01644682884216,-0.752132773399353,1.5816890001297,0.768668293952942
3,0,-50.5291666663333,-12.7874999998378,0.969412863254547,-2.33880352973938,-0.699437379837036,0.835983633995056,0.501451134681702
1,0,-51.895833333,-18.7708333331937,0.530241966247559,-0.560991406440735,-0.288402050733566,1.75908029079437,0.883724272251129
1,0,-44.2874999996667,-22.137499999873,-0.51971846818924,1.38482189178467,-0.739517033100128,2.04882907867432,0.62937319278717
3,0,-43.120833333,-18.9208333331942,-0.355215817689896,0.273934543132782,-0.859327554702759,1.7354462146759,0.550720393657684
2,0,-46.6374999996667,-17.3958333331885,0.00775484181940556,-1.25023400783539,-0.822067856788635,1.46928632259369,0.77525794506073
2,0,-53.4124999996667,-19.4958333331964,0.517259538173676,-0.616043031215668,0.0557868257164955,1.08219087123871,0.83214282989502
3,0,-54.9624999996667,-15.3458333331808,0.432021826505661,-0.498552650213242,-0.479080259799957,2.32056379318237,0.953281760215759
3,0,-54.5124999996667,-14.0124999998424,0.590402603149414,-1.07946300506592,-0.829034149646759,2.14152812957764,0.731539130210876
1,0,-50.920833333,-18.6458333331932,0.474962890148163,-0.744585394859314,-0.592370390892029,1.51842415332794,0.889273226261139
2,0,-46.3624999996667,-12.6958333331708,0.519365668296814,-2.38747572898865,-1.19150710105896,-0.140630453824997,0.16797037422657
3,0,-50.4624999996667,-14.2874999998435,0.715394556522369,-2.15172648429871,-0.650781095027924,0.930348515510559,0.535208404064178
1,0,-46.2374999996667,-21.520833333204,-0.231023833155632,0.335080415010452,-0.305608063936234,1.8693608045578,0.601909399032593
2,0,-44.970833333,-20.1291666665321,-0.367384612560272,-0.293339431285858,-0.717740297317505,2.00955247879028,0.588120460510254
3,0,-41.2374999996667,-18.5291666665261,-0.252428501844406,-0.479888498783112,-0.467392235994339,0.0691203474998474,0.988650679588318
4,0,-52.770833333,-12.8041666665046,0.749938189983368,-1.79743731021881,-0.641305327415466,1.90711462497711,0.762536585330963
3,0,-54.9374999996667,-15.7041666665155,0.402046114206314,-1.00359237194061,-0.34324324131012,1.6171635389328,0.835472524166107
4,0,-43.4874999996667,-19.029166666528,-0.296115696430206,-0.0341189317405224,-0.665168941020966,1.88673794269562,0.602580010890961
4,0,-55.5374999996667,-14.6624999998449,0.706262469291687,-1.02942943572998,-0.724865734577179,1.42894613742828,1.02143144607544
2,0,-44.9374999996667,-13.795833333175,-0.886373817920685,-2.06671714782715,-1.27837800979614,0.337201923131943,0.507113516330719
2,0,-46.9374999996667,-11.5708333331666,0.352862447500229,-1.97379994392395,-1.03513896465302,0.65105664730072,0.499912708997726
4,0,-48.445833333,-21.862499999872,-0.122518412768841,-0.2789666056633,-0.196050569415092,1.32069778442383,0.903039157390594
4,0,-43.8374999996667,-19.0541666665281,-0.520986437797546,-0.473716139793396,-1.00445759296417,1.70037627220154,0.605451166629791
2,0,-53.4374999996667,-19.1041666665283,0.392071157693863,-0.549674928188324,-0.146195158362389,0.972972929477692,0.547002792358398
1,0,-44.3374999996667,-22.3291666665404,-0.247684329748154,0.36606901884079,-0.392055064439774,1.71767151355743,0.831622838973999
4,0,-52.2291666663333,-19.212499999862,0.49756982922554,-0.730114996433258,-0.136933252215385,1.4622495174408,0.857066214084625
3,0,-53.8874999996667,-17.887499999857,0.492834478616714,-1.14082229137421,0.0392369106411934,1.26441311836243,0.555550336837769
1,0,-48.745833333,-21.4624999998705,-0.172483772039413,-0.708322286605835,-0.290935009717941,1.16710138320923,0.84382688999176
4,0,-52.7624999996667,-16.470833333185,0.124339997768402,-1.20796120166779,-0.495454013347626,1.42478287220001,0.147716283798218
3,0,-55.845833333,-17.429166666522,0.395431697368622,-1.64144051074982,0.311139225959778,0.646221101284027,0.792321860790253
1,0,-45.495833333,-17.6208333331894,-0.483915746212006,-1.13041067123413,-1.02079153060913,1.39667427539825,0.820809066295624
4,0,-48.370833333,-16.2291666665175,0.17701643705368,-0.598995208740234,-1.26671051979065,0.691008985042572,0.555869519710541
4,0,-44.8624999996667,-20.2541666665326,-0.338933795690536,-0.290351390838623,-0.749536991119385,1.95496785640717,0.602782547473907
2,0,-46.745833333,-17.2208333331878,-0.157254949212074,-1.14567840099335,-1.02266943454742,1.02703642845154,0.173593640327454
3,0,-48.1291666663333,-14.7874999998454,0.155242010951042,-0.868477404117584,-1.31414306163788,0.568630397319794,0.698964416980743
2,0,-48.8124999996667,-13.6041666665076,0.620179116725922,-1.99576461315155,-0.879300892353058,0.777705430984497,0.574972093105316
2,0,-53.9291666663333,-14.2208333331766,0.693219482898712,-0.932019650936127,-0.593713104724884,2.67696452140808,0.672232687473297
4,0,-54.045833333,-16.7124999998526,0.297443270683289,-0.834293186664581,-0.395929336547852,1.66468584537506,0.600778937339783
4,0,-49.3791666663333,-20.5958333332005,-0.0340627878904343,-1.1495498418808,-0.26655375957489,1.4713362455368,0.935950219631195
2,0,-45.145833333,-21.8791666665387,-0.392638474702835,0.450167953968048,-0.31090047955513,2.68821263313293,0.6538987159729
2,0,-48.3374999996667,-18.1874999998582,0.131467744708061,-0.800200343132019,-0.918693959712982,1.53806924819946,0.78188019990921
2,0,-44.0291666663333,-21.6291666665378,-0.349505066871643,0.909000158309937,-0.931652963161469,1.80991899967194,0.69261646270752
1,0,-54.095833333,-14.4958333331776,0.841313779354095,-0.949831426143646,-0.583354413509369,2.72808861732483,0.660366654396057
3,0,-54.7541666663333,-14.162499999843,0.70404726266861,-1.12322926521301,-0.79875659942627,2.10067248344421,0.783734440803528
2,0,-50.0541666663333,-19.1458333331951,0.257102310657501,-1.10777497291565,-0.428653389215469,1.45847022533417,0.927726209163666
2,0,-52.9291666663333,-17.0541666665206,0.403649508953094,-0.969321191310883,-0.34303542971611,1.6866192817688,0.515179991722107
1,0,-51.4541666663333,-17.3708333331884,0.242629513144493,-0.316925942897797,-0.921199977397919,1.26502668857574,0.366212248802185
4,0,-43.9541666663333,-15.8124999998492,-0.977897644042969,-1.82668948173523,-1.35671412944794,0.321570128202438,0.554768979549408
1,0,-43.0124999996667,-21.7874999998717,-0.0565762184560299,0.292080044746399,-0.544652342796326,1.44875240325928,0.819276928901672
1,0,-44.8291666663333,-18.7541666665269,-0.591464698314667,-1.16054284572601,-0.898920357227325,1.55246043205261,0.679529786109924
4,0,-52.0291666663333,-14.962499999846,0.353996515274048,-1.88436233997345,-0.542791068553925,1.11095905303955,0.465980410575867
3,0,-45.520833333,-14.6374999998448,-0.228783413767815,-1.74530386924744,-1.29132151603699,0.915827810764313,0.339806497097015
2,0,-45.595833333,-12.6791666665041,0.00254242913797498,-2.08960342407227,-1.36179935932159,0.0408765971660614,0.052335400134325
2,0,-51.7624999996667,-13.0958333331723,0.635218918323517,-2.21099209785461,-0.729614317417145,1.11567449569702,0.346172004938126
3,0,-46.0374999996667,-16.379166666518,-0.673117160797119,-1.25668573379517,-1.08532857894897,0.993748664855957,0.377438753843307
4,0,-50.2041666663333,-18.0874999998578,0.447626709938049,-1.30197846889496,-0.720823287963867,0.910973846912384,0.458328068256378
3,0,-45.1041666663333,-20.3958333331998,-0.399808675050735,0.0600418820977211,-0.707398355007172,1.96272337436676,0.570394158363342
4,0,-43.9541666663333,-16.7124999998526,-0.709262609481812,-0.945946216583252,-1.37937605381012,1.02435386180878,0.722920656204224
3,0,-47.895833333,-12.0041666665016,0.409916669130325,-1.78553473949432,-1.07774949073792,0.756254613399506,0.507489144802094
2,0,-42.3874999996667,-22.320833333207,-0.594920754432678,2.52407193183899,-0.608887434005737,1.04234075546265,0.683895289897919
4,0,-55.045833333,-16.7958333331862,0.396789729595184,-1.42789077758789,0.0546662732958794,1.09954130649567,0.807072222232819
1,0,-51.6541666663333,-18.0874999998578,0.519453585147858,-0.563578426837921,-0.627484738826752,1.47431814670563,0.758807122707367
4,0,-53.220833333,-19.1958333331953,0.33574515581131,-0.420334905385971,-0.236843004822731,0.987868249416351,0.558090806007385
1,0,-45.7541666663333,-12.287499999836,0.082139827311039,-2.09930229187012,-1.42484521865845,0.141547828912735,-0.0496619194746017
3,0,-47.1374999996667,-18.1208333331912,0.38836744427681,-0.334285259246826,-1.30970072746277,1.85647451877594,0.764109134674072
1,0,-53.0874999996667,-21.5041666665373,-0.0346375592052937,-0.471331000328064,0.586630821228027,0.123461700975895,0.953986644744873
4,0,-48.5874999996667,-20.3791666665331,0.106859065592289,-1.02321982383728,-0.293324768543243,1.47120249271393,0.975504875183105
2,0,-49.7374999996667,-20.1624999998656,-0.212634190917015,-1.30165600776672,-0.211029723286629,1.25119268894196,0.953046321868896
3,0,-44.2291666663333,-15.920833333183,-1.07763016223907,-1.34440219402313,-1.30436253547668,0.58512145280838,0.508192300796509
1,0,-48.6041666663333,-19.920833333198,0.331576555967331,-0.96277391910553,-0.212388068437576,1.75148236751556,0.808814227581024
1,0,-53.4374999996667,-18.8041666665271,0.381525337696075,-0.583484411239624,-0.140320330858231,1.16380155086517,0.50123804807663
1,0,-51.8874999996667,-19.9791666665316,0.233754441142082,-0.69811749458313,0.032976359128952,1.20206141471863,0.859181880950928
3,0,-50.7374999996667,-20.8874999998683,-0.367725402116776,-0.879653632640839,0.0584210939705372,0.445943862199783,0.980246365070343
1,0,-42.4124999996667,-16.2124999998507,-1.04582381248474,-1.29532170295715,-1.09126651287079,0.569986879825592,0.824816048145294
4,0,-50.1874999996667,-19.5708333331967,0.0160271339118481,-1.04176986217499,-0.330994606018066,1.44677603244781,0.984093308448792
4,0,-52.3791666663333,-21.429166666537,-0.248239949345589,-0.815219819545746,0.628675162792206,0.0489333756268024,0.977054595947266
4,0,-54.1041666663333,-18.8041666665271,0.508184015750885,-1.09982001781464,0.23261684179306,0.974725246429443,0.51410698890686
2,0,-55.4291666663333,-20.0624999998652,0.67991441488266,-0.931945204734802,0.695483386516571,0.7752725481987,0.858440935611725
3,0,-46.6124999996667,-16.2541666665175,-0.452531367540359,-0.742697477340698,-1.31160914897919,1.0883561372757,0.323620229959488
3,0,-47.0874999996667,-11.8291666665009,0.45013639330864,-2.31463289260864,-0.854377627372742,0.685456037521362,0.471595048904419
2,0,-53.5874999996667,-17.3458333331883,0.258439660072327,-0.619475483894348,-0.378749787807465,1.67334806919098,0.483785301446915
4,0,-46.4041666663333,-21.4208333332036,-0.333328366279602,0.743471384048462,-0.618207633495331,1.78907811641693,0.709434986114502
4,0,-44.7374999996667,-21.6874999998713,-0.189099684357643,0.609855353832245,-0.545453011989594,2.54387831687927,0.755886137485504
1,0,-50.7541666663333,-14.2291666665099,0.72653329372406,-2.11827039718628,-0.650397419929504,0.940361499786377,0.538156151771545
4,0,-54.7124999996667,-17.2291666665212,0.283013254404068,-0.991295576095581,-0.0143778752535582,1.3957644701004,0.600909054279327
3,0,-43.595833333,-18.2541666665251,-0.380008071660995,0.585884213447571,-1.47004020214081,1.55653727054596,0.729437351226807
4,0,-41.5041666663333,-17.2458333331879,-0.968497395515442,-0.604871034622192,-0.818270266056061,0.108078122138977,0.939310550689697
4,0,-43.370833333,-21.0708333332023,-0.216515704989433,0.450339436531067,-0.727559328079224,1.39752745628357,0.837591111660004
3,0,-41.0124999996667,-20.812499999868,-0.247443929314613,0.0243413280695677,-0.0397069789469242,-0.478409975767136,0.930189847946167
1,0,-50.8291666663333,-13.1291666665058,0.944681286811829,-2.34636092185974,-0.751508116722107,0.854824423789978,0.48372745513916
3,0,-46.8124999996667,-17.179166666521,-0.140529975295067,-0.997078895568848,-1.07235550880432,0.984545171260834,0.146049082279205
1,0,-56.9541666663333,-16.5291666665186,0.298352837562561,-1.63537037372589,0.175091877579689,0.319434762001038,0.928959965705872
1,0,-54.195833333,-12.6708333331707,0.889521360397339,-1.56064891815186,-0.684305429458618,2.33507657051086,0.778754532337189
3,0,-45.8541666663333,-23.0874999998766,-0.297522038221359,0.92476361989975,-0.246331617236137,0.715079605579376,1.0085860490799
3,0,-43.1291666663333,-16.8624999998532,-1.00731563568115,-0.937158465385437,-1.48609173297882,0.84925764799118,0.710118532180786
3,0,-46.8041666663333,-16.4541666665183,-0.311101943254471,-1.33258473873138,-0.96843421459198,0.886808931827545,0.318734467029572
2,0,-40.8874999996667,-19.0458333331947,-0.0925858095288277,-0.209312960505486,-0.270809084177017,-0.0936215445399284,1.00451958179474
1,0,-42.5124999996667,-16.3874999998514,-1.02715909481049,-1.13413798809052,-1.05024921894073,0.672731757164001,0.788060665130615
4,0,-43.2374999996667,-18.3291666665253,-0.474400609731674,0.379204392433167,-1.07076144218445,1.4582417011261,0.714525043964386
1,0,-45.2291666663333,-16.4208333331848,-0.926765620708466,-1.92206108570099,-0.59478747844696,1.48606514930725,0.778838396072388
3,0,-48.7124999996667,-11.7791666665007,0.890502333641052,-2.0320291519165,-0.888752698898315,0.913915038108826,0.49470978975296
1,0,-55.170833333,-15.8874999998495,0.239719867706299,-0.609858334064484,-0.417065501213074,1.65873312950134,0.669460535049438
2,0,-45.8291666663333,-18.070833333191,-0.166700154542923,-0.773240447044373,-1.20760071277618,1.49285387992859,0.882558524608612
3,0,-45.2624999996667,-22.22916666654,-0.595505058765411,1.2332010269165,-0.179275512695312,2.75740170478821,0.608076810836792
1,0,-45.5124999996667,-16.7624999998528,-0.912983775138855,-1.84286880493164,-0.801197171211243,0.910192847251892,0.435487598180771
1,0,-56.8791666663333,-14.7208333331784,0.839166760444641,-1.36987018585205,-0.379222303628922,1.04381954669952,1.11338591575623
3,0,-46.6791666663333,-11.8041666665008,0.385373026132584,-1.98569238185883,-1.05533254146576,0.755969703197479,0.424051582813263
3,0,-43.2041666663333,-15.8458333331827,-0.916486263275146,-1.89267289638519,-1.33642363548279,0.361277133226395,0.878064095973969
3,0,-46.7291666663333,-20.5041666665335,-0.0927255973219872,-0.13380078971386,-0.591870427131653,1.76416921615601,0.818881213665009
1,0,-50.1791666663333,-21.1458333332026,-0.388464838266373,-0.765117466449738,0.0578023605048656,0.708021938800812,0.915352463722229
4,0,-52.095833333,-18.68749999986,0.368203490972519,-0.464286684989929,-0.485777884721756,1.35452699661255,0.608075141906738
1,0,-53.2374999996667,-19.0708333331948,0.473371177911758,-0.532975256443024,-0.0556414201855659,1.31831765174866,0.814953804016113
2,0,-45.670833333,-18.3958333331923,-0.24811789393425,-0.769145250320435,-1.06114614009857,1.48038935661316,0.850612819194794
2,0,-51.1874999996667,-19.2874999998623,0.371398448944092,-0.998475849628448,-0.288564026355743,1.52631986141205,0.767609417438507
2,0,-42.4041666663333,-20.4624999998667,-0.823857188224792,0.725737392902374,-0.536316871643066,1.4413321018219,0.604263722896576
3,0,-47.720833333,-18.5624999998596,0.130717515945435,-0.646523296833038,-1.16171956062317,1.69467878341675,0.882347524166107
1,0,-56.245833333,-15.0958333331799,0.32359853386879,-0.673532068729401,-0.147948160767555,0.3923000395298,1.28697156906128
4,0,-41.995833333,-20.0458333331985,-0.769437313079834,0.278883635997772,-0.51619827747345,1.01205384731293,0.755033433437347
1,0,-47.8041666663333,-16.0208333331833,-0.191291019320488,-0.550718069076538,-1.22725820541382,0.992580831050873,0.38481417298317
4,0,-45.495833333,-12.0291666665017,-0.271711617708206,-2.18897294998169,-0.997071206569672,0.608726978302002,0.376716643571854
4,0,-48.4791666663333,-11.1624999998317,0.797428011894226,-1.85328733921051,-0.769408047199249,0.820793926715851,0.604947090148926
3,0,-48.2291666663333,-20.0208333331984,0.400583565235138,-0.838952898979187,-0.479566216468811,1.48727917671204,0.907234847545624
1,0,-47.8374999996667,-15.2624999998471,-0.0471696220338345,-0.756472945213318,-1.28783893585205,0.534128367900848,0.647391140460968
2,0,-50.720833333,-20.3708333331997,-0.431022375822067,-0.947564542293549,-0.0433633886277676,0.960536479949951,0.875877261161804
3,0,-51.495833333,-17.7708333331899,0.280068308115005,-0.397421002388,-0.865610957145691,1.15546429157257,0.397692888975143
1,0,-46.145833333,-12.7124999998376,0.00185810343828052,-1.93634295463562,-1.37234330177307,0.0652431100606918,0.00351221743039787
1,0,-47.6541666663333,-22.8291666665423,-0.543615221977234,0.253771781921387,-0.292066186666489,0.737392902374268,0.872357070446014
2,0,-49.370833333,-20.6624999998675,-0.0404654629528522,-1.02116131782532,-0.279369324445724,1.4450888633728,0.943093538284302
3,0,-41.0541666663333,-21.3624999998701,-0.125261098146439,-0.485085308551788,0.0838879272341728,-1.27035462856293,1.23274147510529
4,0,-52.795833333,-17.3291666665216,0.35612690448761,-0.601937651634216,-0.523281753063202,1.63049411773682,0.494528383016586
4,0,-50.7291666663333,-19.0458333331947,0.366812109947205,-0.950221180915833,-0.43358701467514,1.44362473487854,0.88279390335083
3,0,-51.195833333,-17.9624999998573,0.624740421772003,-0.494191437959671,-0.787524700164795,1.55773413181305,0.91522753238678
2,0,-55.870833333,-15.5958333331817,0.580057322978973,-1.35885524749756,-0.000747299869544804,1.01272201538086,1.26486098766327
1,0,-48.5041666663333,-19.8124999998643,0.365642517805099,-0.622028946876526,-0.405640482902527,1.73528492450714,0.849872946739197
3,0,-48.8541666663333,-16.4624999998517,0.329047918319702,-0.494119733572006,-1.19871962070465,0.733010113239288,0.557848572731018
3,0,-50.4374999996667,-13.4208333331736,0.874966382980347,-2.20531630516052,-0.799250662326813,0.908999860286713,0.520220220088959
4,0,-45.7041666663333,-20.2791666665327,-0.539089262485504,-0.00466078799217939,-0.48572564125061,1.85110974311829,0.548946917057037
1,0,-43.220833333,-18.1124999998579,-0.580614149570465,-0.123838789761066,-1.09466135501862,1.27360844612122,0.731990218162537
3,0,-48.295833333,-14.7291666665118,0.228811994194984,-1.15764856338501,-1.15906167030334,0.588822603225708,0.675089120864868
2,0,-46.5291666663333,-19.2541666665288,0.0483895763754845,0.506088197231293,-1.21407246589661,1.87740933895111,0.77896636724472
3,0,-51.8041666663333,-15.0624999998464,0.370375335216522,-1.90909731388092,-0.506184875965118,1.0768985748291,0.436300098896027
2,0,-47.620833333,-14.2958333331768,0.213611766695976,-0.817707538604736,-1.33500790596008,0.942980289459229,0.578998625278473
1,0,-46.3791666663333,-17.1374999998542,-0.303442806005478,-1.52038419246674,-0.946792125701904,0.940047562122345,0.408994942903519
3,0,-41.6374999996667,-16.5874999998521,-1.01978659629822,-2.225177526474,-0.803789675235748,0.0821960717439651,0.899360537528992
3,0,-41.6374999996667,-21.7958333332051,-0.279668182134628,0.0038365270011127,-0.10254979878664,-0.333949536085129,0.968954682350159
2,0,-49.2374999996667,-20.2291666665325,-0.128396347165108,-1.44470655918121,-0.342146664857864,1.0161406993866,0.577587306499481
4,0,-56.8624999996667,-15.6624999998487,0.302835702896118,-1.07456910610199,0.0209540892392397,0.810267150402069,1.2289332151413
1,0,-46.0791666663333,-13.454166666507,-0.0485544875264168,-1.70511603355408,-1.23614418506622,0.49367356300354,0.514031767845154
4,0,-48.2624999996667,-18.7208333331935,0.30152752995491,-0.951168119907379,-0.90843278169632,1.61532855033875,0.762737274169922
1,0,-53.5874999996667,-15.2874999998472,0.352977365255356,-0.84231823682785,-0.413466036319733,2.78042840957642,0.609664499759674
4,0,-57.120833333,-15.3791666665143,0.589578866958618,-1.25398135185242,-0.0740246996283531,0.849448502063751,1.29678750038147
2,0,-48.820833333,-19.8791666665312,0.264988780021667,-0.903887748718262,-0.307496398687363,1.5977418422699,0.539387285709381
2,0,-46.1541666663333,-20.5874999998672,-0.300347745418549,0.839880168437958,-0.721943378448486,2.00729870796204,0.652814507484436
4,0,-54.5874999996667,-19.0541666665281,0.386035889387131,-0.554202795028687,0.0972452908754349,0.814579367637634,0.537268340587616
4,0,-41.345833333,-16.720833333186,-1.12147152423859,-0.875905215740204,-0.976988017559052,-0.140015333890915,0.97963535785675
1,0,-44.8374999996667,-18.504166666526,-0.626794755458832,-0.721036791801453,-1.13215184211731,1.51495122909546,0.713345527648926
3,0,-45.270833333,-15.5541666665149,-0.642668724060059,-1.9931948184967,-1.05949139595032,0.972677826881409,0.224244296550751
3,0,-47.220833333,-22.4624999998742,-0.455512672662735,0.267533361911774,-0.344216525554657,1.13618803024292,0.839039742946625
3,0,-52.8791666663333,-20.012499999865,0.39301922917366,-0.852459490299225,0.238873302936554,0.782020747661591,0.879644930362701
1,0,-54.9041666663333,-19.1458333331951,0.505976617336273,-0.92352682352066,0.244968488812447,0.584671974182129,0.603359758853912
2,0,-44.9791666663333,-13.179166666506,-0.737114191055298,-2.15886640548706,-1.18018412590027,0.309593200683594,0.544923186302185
3,0,-49.9791666663333,-17.8374999998568,0.458068490028381,-1.29095232486725,-0.74516898393631,0.966289281845093,0.471771329641342
4,0,-56.1624999996667,-15.3374999998474,0.36616039276123,-1.01734113693237,0.0114299384877086,0.429224044084549,1.29947578907013
2,0,-45.7374999996667,-21.7958333332051,-0.287851393222809,0.419505745172501,-0.0879540666937828,2.32616209983826,0.706007838249207
2,0,-50.5374999996667,-18.8208333331939,0.449526786804199,-1.06140112876892,-0.467327445745468,1.47526502609253,0.919986724853516
3,0,-47.0291666663333,-19.9791666665316,0.144917234778404,0.842204868793488,-1.09167492389679,1.79506230354309,0.767065584659576
2,0,-52.770833333,-18.6541666665266,0.206705376505852,-0.156498566269875,-0.389749556779861,1.3589094877243,0.4887755215168
3,0,-46.570833333,-21.4791666665372,-0.335787415504456,0.525290310382843,-0.625539541244507,1.75782823562622,0.727144360542297
2,0,-42.8374999996667,-18.1791666665248,-0.626671671867371,-0.199407666921616,-0.908033788204193,1.24616503715515,0.629061341285706
3,0,-53.2624999996667,-19.6624999998637,0.489059627056122,-0.654688000679016,0.114007413387299,1.05000507831573,0.82967346906662
4,0,-52.8124999996667,-15.8708333331828,-0.0497375354170799,-1.39152669906616,-0.549207627773285,1.55952882766724,0.165353000164032
4,0,-51.845833333,-19.8541666665311,0.264508038759232,-0.718550145626068,-0.0366035662591457,1.26106941699982,0.874448418617249
4,0,-50.7374999996667,-20.2291666665325,-0.416974306106567,-0.855437934398651,-0.140872597694397,1.012322306633,0.882193148136139
3,0,-43.4791666663333,-15.3791666665143,-0.90717226266861,-2.39849138259888,-1.28924214839935,-0.325049012899399,0.792501986026764
3,0,-48.4291666663333,-14.6374999998448,0.279965937137604,-1.06330859661102,-1.22516548633575,0.611752331256866,0.69107574224472
3,0,-47.8874999996667,-20.3874999998664,0.363810837268829,-0.717147350311279,-0.651680469512939,1.69243478775024,0.86685311794281
1,0,-45.2874999996667,-15.2708333331805,-0.421286851167679,-1.60402882099152,-1.30231785774231,1.03605556488037,0.212050259113312
4,0,-46.620833333,-14.7624999998453,0.0634122714400291,-1.7201315164566,-1.11530709266663,0.409508138895035,0.750536322593689
4,0,-52.870833333,-17.5124999998556,0.268292993307114,-0.271558672189713,-0.596512854099274,1.69138777256012,0.462234169244766
3,0,-48.6291666663333,-13.1874999998393,0.499905645847321,-1.66629123687744,-1.09778666496277,0.842275083065033,0.538443565368652
1,0,-47.9374999996667,-12.0708333331685,0.439259946346283,-1.94837236404419,-0.965601921081543,0.829103767871857,0.492178499698639
3,0,-48.0374999996667,-13.7374999998414,0.54235565662384,-1.99105310440063,-0.947455227375031,0.612572610378265,0.650344669818878
2,0,-45.070833333,-18.3458333331921,-0.568480610847473,-0.800462305545807,-1.06198811531067,1.40297210216522,0.78069394826889
3,0,-50.7124999996667,-19.1374999998617,0.36876654624939,-1.01612329483032,-0.396585732698441,1.41851556301117,0.880876481533051
3,0,-47.445833333,-18.0208333331909,0.163862377405167,-0.608326852321625,-1.03091955184937,1.87408447265625,0.72354131937027
1,0,-47.570833333,-11.1791666664985,0.382546156644821,-1.85533404350281,-0.88534414768219,0.744227886199951,0.529733717441559
1,0,-42.4041666663333,-21.1291666665359,-0.137061595916748,-0.718504369258881,-0.112677961587906,1.37326872348785,0.669072568416595
4,0,-47.4124999996667,-13.9458333331755,0.132091522216797,0.0217456500977278,-1.70690751075745,1.12163364887238,0.4811632335186
4,0,-46.4124999996667,-16.8874999998533,-0.499825239181519,-1.67314505577087,-0.851818144321442,0.835709512233734,0.424890726804733
1,0,-56.220833333,-16.4208333331848,0.312185436487198,-1.52504277229309,0.0967177972197533,0.408627599477768,0.962853014469147
3,0,-42.995833333,-22.2208333332067,0.147246986627579,1.50984537601471,-0.346688449382782,1.54454243183136,0.70225065946579
1,0,-52.0291666663333,-18.2708333331918,0.408564567565918,-0.289481669664383,-0.65255218744278,1.38324451446533,0.658179640769958
2,0,-49.4124999996667,-20.0874999998653,-0.0192021168768406,-1.18476164340973,-0.268162190914154,1.50996446609497,0.957258522510529
1,0,-49.695833333,-21.7124999998714,-0.471709370613098,-0.2191202044487,0.24119870364666,0.947694778442383,0.842225968837738
2,0,-44.820833333,-16.0874999998503,-0.826027631759644,-2.06447911262512,-0.746703386306763,0.903198301792145,0.380182236433029
1,0,-47.8624999996667,-22.1458333332064,-0.340395867824554,0.446778923273087,-0.403736621141434,1.12054777145386,0.795514345169067
4,0,-54.4874999996667,-15.4041666665143,0.347102046012878,-0.595126986503601,-0.509210407733917,2.37680339813232,0.686887264251709
3,0,-52.195833333,-19.2291666665287,0.479800164699554,-0.753865599632263,-0.115933939814568,1.45986032485962,0.861612260341644
3,0,-53.0291666663333,-13.1208333331724,0.467618376016617,-1.83720648288727,-0.757424175739288,1.43276607990265,0.301674634218216
2,0,-47.1624999996667,-20.3458333331996,0.130915656685829,0.238954737782478,-0.817158639431,1.53793048858643,0.896959125995636
1,0,-54.220833333,-18.7291666665269,0.515414834022522,-1.06191730499268,0.207076370716095,0.929164052009583,0.556611239910126
2,0,-46.970833333,-15.2791666665139,-0.0953318029642105,-1.17851293087006,-1.23733985424042,0.53360790014267,0.603825867176056
1,0,-49.3374999996667,-15.4124999998477,0.452895760536194,-1.25789499282837,-0.973023235797882,0.608232021331787,0.588055193424225
2,0,-54.0291666663333,-15.5208333331815,0.263177096843719,-0.669690847396851,-0.44257715344429,2.66168284416199,0.625859320163727
1,0,-49.820833333,-17.4708333331888,0.467777401208878,-1.29447305202484,-0.834255456924438,0.913378238677979,0.460651963949203
2,0,-52.345833333,-21.1458333332026,-0.204618483781815,-0.792853474617004,0.529196858406067,0.308287918567657,0.950669884681702
4,0,-49.0124999996667,-17.8124999998567,0.00386101845651865,-0.984896123409271,-0.992083191871643,1.00446951389313,0.359887838363647
4,0,-45.9624999996667,-16.7458333331861,-0.708930671215057,-1.55899262428284,-0.992878794670105,0.787148952484131,0.450523257255554
3,0,-43.2791666663333,-15.2291666665137,-0.963869690895081,-2.44256973266602,-1.23877644538879,-0.226091101765633,0.746269524097443
1,0,-45.320833333,-18.0541666665243,-0.49389860033989,-1.15638220310211,-0.980078935623169,1.27221930027008,0.861567378044128
1,0,-50.5874999996667,-20.9124999998684,-0.368683576583862,-0.884943962097168,0.0432871393859386,0.699468851089478,0.933944821357727
2,0,-54.470833333,-13.179166666506,0.834002077579498,-1.46069645881653,-0.839827597141266,2.18744421005249,0.842126369476318
3,0,-45.2041666663333,-13.3291666665065,-0.699702799320221,-1.88641464710236,-1.38970124721527,0.184223219752312,0.569467008113861
4,0,-51.0124999996667,-20.354166666533,-0.313816219568253,-0.892006874084473,0.111302241683006,0.937061488628387,0.876191735267639
2,0,-42.7874999996667,-18.4624999998592,-0.559270203113556,0.0240583941340446,-0.735184133052826,1.56549203395844,0.47143566608429
2,0,-51.2374999996667,-14.3791666665105,0.613780915737152,-2.07903504371643,-0.625349342823029,1.00124800205231,0.499852806329727
2,0,-46.720833333,-14.8374999998455,0.0213506370782852,-1.87858188152313,-0.95977646112442,0.469737589359283,0.722436666488647
3,0,-51.7041666663333,-12.2708333331692,1.17391669750214,-1.9700174331665,-0.747320234775543,1.24231970310211,0.449220031499863
1,0,-45.0541666663333,-21.4874999998706,-0.281997352838516,0.328289926052094,-0.393285840749741,2.35167789459229,0.770760715007782
1,0,-45.3791666663333,-20.3291666665329,-0.437221884727478,0.195655137300491,-0.671725869178772,1.87048614025116,0.554136633872986
3,0,-57.370833333,-16.0291666665167,0.200705677270889,-1.05062115192413,-0.208782956004143,0.678627610206604,0.867645442485809
2,0,-51.6041666663333,-12.7124999998376,0.848292469978333,-2.24751329421997,-0.773827791213989,1.03914499282837,0.39679628610611
3,0,-50.3124999996667,-20.720833333201,-0.378506243228912,-0.867229342460632,-0.0212505999952555,0.942597270011902,0.901578068733215
3,0,-46.9791666663333,-13.2208333331728,0.538156092166901,-2.03150701522827,-1.02220499515533,0.591044425964355,0.632603764533997
3,0,-53.0124999996667,-12.4624999998366,0.669595539569855,-1.90298628807068,-0.709087610244751,1.47940528392792,0.272741228342056
3,0,-51.6374999996667,-19.7874999998642,0.232443109154701,-0.699391603469849,-0.0547498315572739,1.45024371147156,0.841060757637024
1,0,-47.9041666663333,-13.9958333331757,0.483273148536682,-1.90406692028046,-0.930357098579407,0.746768832206726,0.635951578617096
1,0,-50.9791666663333,-21.1624999998693,-0.538727104663849,-0.664880990982056,0.076511949300766,0.575478434562683,0.904817759990692
4,0,-47.5624999996667,-16.8874999998533,-0.252939760684967,-0.294361442327499,-1.33569514751434,1.28919994831085,0.123339295387268
3,0,-51.9624999996667,-17.7874999998566,0.429516136646271,-0.538699507713318,-0.540427088737488,1.55211222171783,0.654713869094849
4,0,-54.3624999996667,-21.0124999998688,0.533309936523438,-0.425406455993652,0.600794196128845,0.35883817076683,0.91282057762146
4,0,-52.7791666663333,-13.1708333331726,0.432901084423065,-1.8520325422287,-0.843686878681183,1.32297575473785,0.308197021484375
1,0,-46.1124999996667,-15.3458333331808,0.645871460437775,-1.25515508651733,-1.32427752017975,1.97088813781738,-0.0264980308711529
3,0,-44.370833333,-22.662499999875,0.065774567425251,0.219967782497406,-0.17498354613781,1.63851225376129,0.908718466758728
1,0,-41.5291666663333,-16.3874999998514,-1.29020059108734,-0.751767873764038,-1.21976757049561,-0.07607401907444,0.929070115089417
2,0,-53.8791666663333,-14.4958333331776,0.840762495994568,-0.615733802318573,-0.677684187889099,2.93105530738831,0.641284227371216
1,0,-44.695833333,-15.4958333331814,-0.775391459465027,-2.15031433105469,-1.1217885017395,0.596495151519775,0.35729917883873
2,0,-51.5041666663333,-13.8208333331751,0.627245008945465,-2.23535346984863,-0.560610353946686,1.05717921257019,0.437371760606766
1,0,-50.645833333,-20.9291666665351,-0.353943586349487,-0.861522197723389,0.0209152977913618,0.454819053411484,0.982628762722015
2,0,-47.4791666663333,-17.8291666665235,-0.0587238036096096,-0.513422846794128,-1.39422810077667,1.21174252033234,0.119300156831741
3,0,-48.1624999996667,-21.6874999998713,-0.297788679599762,-0.00158189667854458,-0.379176497459412,1.17455792427063,0.821118652820587
1,0,-47.4041666663333,-13.7624999998415,0.564206898212433,-1.18840444087982,-1.34350800514221,0.943422317504883,0.603667140007019
3,0,-45.5874999996667,-21.3458333332034,-0.468925446271896,0.367455273866653,-0.251508146524429,1.97230935096741,0.534539222717285
3,0,-44.2291666663333,-19.6124999998635,-0.22845958173275,-0.196126982569695,-1.0689697265625,1.78977572917938,0.666844964027405
4,0,-56.195833333,-15.5458333331815,0.551367580890656,-1.4177964925766,0.0468526817858219,0.744264423847198,1.29709434509277
4,0,-47.970833333,-13.887499999842,0.497115731239319,-1.87873589992523,-0.923701405525208,0.741207599639893,0.631003737449646
4,0,-45.395833333,-17.887499999857,-0.578236103057861,-0.754174172878265,-1.13798499107361,1.46445500850677,0.77226847410202
2,0,-50.5541666663333,-20.6958333332009,-0.400520324707031,-0.818343877792358,0.00973005034029484,0.907231509685516,0.902838110923767
1,0,-56.9124999996667,-18.1291666665246,0.459674149751663,-1.73940336704254,0.494684994220734,0.22180563211441,1.11350536346436
4,0,-50.320833333,-13.4041666665068,0.850606977939606,-2.13866329193115,-0.815561354160309,0.915269196033478,0.523629069328308
1,0,-49.3624999996667,-14.1458333331763,0.62071293592453,-1.99746716022491,-0.789554238319397,0.717534840106964,0.605433404445648
2,0,-51.9541666663333,-16.562499999852,0.22743783891201,-0.801206886768341,-0.825413703918457,1.21734178066254,0.30592954158783
3,0,-52.0124999996667,-20.2541666665326,0.139153867959976,-0.930679976940155,0.277305096387863,0.961814403533936,0.879089057445526
1,0,-52.720833333,-20.8874999998683,0.0312837474048138,-0.647892892360687,0.370197534561157,0.345766812562943,0.987641215324402
1,0,-45.5041666663333,-22.1208333332063,-0.458483219146729,0.623110949993134,-0.132287561893463,2.42714810371399,0.690888822078705
2,0,-53.795833333,-18.9624999998611,0.443624407052994,-0.839403033256531,0.000517524546012282,0.912614762783051,0.558201730251312
4,0,-45.420833333,-21.1124999998692,-0.422877043485641,0.180751740932465,-0.330226540565491,1.89307475090027,0.600379765033722
2,0,-49.0541666663333,-17.5458333331891,0.138854995369911,-0.993722021579742,-1.02534806728363,0.993230283260345,0.384149104356766
2,0,-50.5291666663333,-15.9374999998497,0.731042385101318,-1.69934332370758,-0.69435453414917,0.841763317584991,0.510956764221191
3,0,-57.2041666663333,-15.7208333331822,0.240510404109955,-0.368429929018021,-0.543998956680298,1.17738330364227,1.11974680423737
3,0,-45.170833333,-16.629166666519,-0.866334497928619,-1.93756580352783,-0.535296082496643,1.47190845012665,0.771330773830414
1,0,-46.5374999996667,-14.2291666665099,0.266495048999786,-2.0750458240509,-0.960647106170654,0.376707404851913,0.766280710697174
4,0,-44.2791666663333,-18.4624999998592,-0.891046404838562,-1.28494894504547,-0.865989983081818,1.15102350711823,0.716944396495819
3,0,-53.2374999996667,-20.7958333332013,0.317129462957382,-0.717052936553955,0.532533586025238,0.535694301128387,0.935918748378754
2,0,-49.820833333,-19.5624999998633,0.0219810549169779,-1.00335431098938,-0.312018692493439,1.58293640613556,0.969940662384033
3,0,-46.520833333,-18.8208333331939,0.0887732654809952,-0.225716337561607,-1.11479532718658,1.58509063720703,0.859174489974976
1,0,-53.420833333,-15.854166666516,0.145965337753296,-1.16613328456879,-0.29006090760231,2.34048199653625,0.556874573230743
3,0,-45.470833333,-15.7124999998488,-0.542851090431213,-1.85184764862061,-1.0013028383255,1.14060044288635,0.219899088144302
1,0,-47.595833333,-13.979166666509,0.26807764172554,-0.188966184854507,-1.73653554916382,0.930807828903198,0.559156775474548
2,0,-56.445833333,-16.8458333331864,0.317525029182434,-1.54380297660828,0.100179493427277,0.255927860736847,0.944953739643097
3,0,-46.320833333,-15.0958333331799,0.0285112094134092,-1.00234198570251,-1.40904760360718,1.18401646614075,0.256032228469849
3,0,-42.3791666663333,-20.5791666665338,-0.907829642295837,2.21375441551208,-0.957721173763275,1.62751853466034,0.510981023311615
2,0,-43.2874999996667,-19.8041666665309,-0.211379483342171,0.342500299215317,-0.973140001296997,1.76415431499481,0.538925170898438
3,0,-48.895833333,-20.7624999998678,0.00549993338063359,-1.04719197750092,-0.422039121389389,1.36613428592682,0.844031691551208
3,0,-45.6291666663333,-13.1541666665059,-0.241435661911964,-1.82838690280914,-1.33679831027985,0.300797462463379,0.528726518154144
1,0,-57.370833333,-17.087499999854,0.44061291217804,-1.78293561935425,0.185836642980576,0.106004402041435,0.922918975353241
1,0,-54.0041666663333,-15.1208333331799,0.529025912284851,-0.58784693479538,-0.475131243467331,2.92282581329346,0.598487377166748
3,0,-42.2291666663333,-16.3458333331846,-1.11992430686951,-1.59499561786652,-1.09778487682343,0.395608872175217,0.838141083717346
3,0,-40.6874999996667,-20.3958333331998,-0.237654238939285,1.27322614192963,-0.16740919649601,-0.262147784233093,0.821617066860199
2,0,-42.3874999996667,-21.3458333332034,-0.179983451962471,-0.44036003947258,-0.16232493519783,1.20008790493011,0.749945759773254
3,0,-49.5541666663333,-13.4124999998402,0.853239715099335,-2.16888666152954,-0.828636229038239,0.82267564535141,0.55819845199585
4,0,-54.720833333,-17.8624999998569,0.432508021593094,-1.19152438640594,0.144175961613655,1.02401125431061,0.61874532699585
3,0,-53.9791666663333,-20.0291666665317,0.580169677734375,-0.588045358657837,0.155667319893837,0.715252041816711,0.824763596057892
3,0,-50.9791666663333,-16.9208333331867,0.475137203931808,-0.598809599876404,-0.982966601848602,1.13801574707031,0.473409384489059
4,0,-41.795833333,-19.7541666665307,-0.413819432258606,-0.32455176115036,-0.455177187919617,0.548275470733643,0.928529024124146
3,0,-52.8541666663333,-13.9291666665088,0.15061442553997,-1.63011348247528,-0.638558804988861,1.38359665870667,0.341981142759323
1,0,-43.070833333,-20.4791666665334,-0.574323117733002,0.206454232335091,-0.614553093910217,1.36026084423065,0.676632046699524
4,0,-41.220833333,-21.4374999998704,-0.143165186047554,-0.692909300327301,0.0977572947740555,-0.893182098865509,1.11889040470123
1,0,-42.8791666663333,-16.2374999998508,-1.28249573707581,-0.976279258728027,-1.44049608707428,0.72047483921051,0.687282741069794
2,0,-41.6874999996667,-20.4874999998668,-0.945702135562897,0.56646192073822,-0.457918673753738,0.996383428573608,0.612691700458527
3,0,-46.8624999996667,-22.8208333332089,-0.3797767162323,0.873046934604645,-0.429530292749405,0.670159161090851,0.930523157119751
1,0,-53.495833333,-13.3958333331735,0.665558099746704,-1.52533769607544,-0.547426819801331,2.20730900764465,0.784080564975739
4,0,-51.5374999996667,-16.2541666665175,0.571437418460846,-1.69196999073029,-0.581987321376801,0.847970843315125,0.466134756803513
1,0,-48.5791666663333,-19.2291666665287,0.125465258955956,-0.784665286540985,-0.545608341693878,1.63345050811768,0.680622220039368
2,0,-55.3291666663333,-16.0041666665166,0.285944074392319,-0.508523344993591,-0.523099064826965,1.45126366615295,0.800473809242249
2,0,-43.595833333,-20.4958333332002,-0.490729868412018,0.863919794559479,-1.12619233131409,1.74984180927277,0.633007287979126
2,0,-52.0124999996667,-17.0374999998538,0.24435980618,-0.573893964290619,-0.879508674144745,1.18834364414215,0.301884770393372
2,0,-41.5541666663333,-19.1124999998616,-0.0471577011048794,-1.22147607803345,-0.359512776136398,0.172034353017807,1.01287031173706
4,0,-52.995833333,-19.9374999998647,0.364199608564377,-0.755358994007111,0.153729021549225,0.774984180927277,0.874031543731689
4,0,-41.545833333,-18.7624999998603,-0.041502732783556,-1.08926284313202,-0.423488020896912,0.1158641949296,1.0326806306839
2,0,-45.045833333,-20.7374999998677,-0.235154882073402,0.533912360668182,-0.799312472343445,2.17052745819092,0.534033060073853
4,0,-43.2541666663333,-19.7624999998641,-0.164102792739868,0.031171778216958,-0.875696539878845,1.67178595066071,0.579837143421173
1,0,-50.945833333,-20.5124999998669,-0.355322003364563,-0.935221672058105,0.134939312934875,0.897490799427032,0.882172346115112
4,0,-49.7624999996667,-15.5874999998484,0.569204926490784,-1.06858026981354,-1.02911305427551,0.701180934906006,0.5397589802742
3,0,-44.9124999996667,-20.7374999998677,-0.166631892323494,0.375645935535431,-0.795762896537781,2.18874359130859,0.517712116241455
4,0,-56.4041666663333,-17.6541666665228,0.348256558179855,-1.69416201114655,0.350625723600388,0.339400261640549,0.821171343326569
2,0,-42.0291666663333,-17.5291666665223,-1.0108597278595,-0.174486175179482,-1.15330696105957,0.563989460468292,0.832169532775879
2,0,-48.0541666663333,-18.5458333331928,0.283693939447403,-0.725976347923279,-1.10275876522064,1.63599836826324,0.862601518630981
1,0,-45.6124999996667,-14.5708333331779,-0.278286248445511,-1.6375846862793,-1.34121191501617,0.882373332977295,0.283631414175034
3,0,-50.3124999996667,-20.4874999998668,-0.364413917064667,-0.957721531391144,-0.0415779128670692,0.911734759807587,0.940082430839539
1,0,-52.4541666663333,-18.8374999998606,0.2426937520504,-0.286448657512665,-0.439958125352859,1.28039813041687,0.557514190673828
1,0,-45.520833333,-17.8791666665237,-0.409483313560486,-0.811946928501129,-1.20600712299347,1.37834274768829,0.85468590259552
3,0,-48.5874999996667,-16.6791666665191,0.1877651065588,-0.581719756126404,-1.1979957818985,0.840565264225006,0.488262474536896
3,0,-45.4291666663333,-12.7124999998376,0.0705568790435791,-1.97137904167175,-1.20261132717133,0.546247661113739,0.4860500395298
2,0,-43.1291666663333,-20.2791666665327,-0.458069682121277,-0.318520069122314,-0.630817294120789,1.31343638896942,0.711790978908539
3,0,-41.3374999996667,-17.4958333331889,-0.503329753875732,-1.30013954639435,-0.419529169797897,-0.200484126806259,1.03079521656036
2,0,-52.8374999996667,-20.0874999998653,0.369410902261734,-0.698569118976593,0.125777721405029,0.625474750995636,0.922155439853668
2,0,-54.2291666663333,-15.9791666665165,0.304910987615585,-0.874301552772522,-0.355783015489578,2.07601642608643,0.726163685321808
1,0,-54.220833333,-15.7874999998491,0.210294142365456,-0.458132833242416,-0.57349693775177,2.35648727416992,0.677627623081207
2,0,-43.1624999996667,-18.8208333331939,-0.368675947189331,0.0347792580723763,-0.764511168003082,1.67088806629181,0.57007509469986
3,0,-54.295833333,-19.2874999998623,0.64218670129776,-0.927894353866577,0.306460201740265,1.04873466491699,0.809460639953613
1,0,-45.1541666663333,-16.6874999998525,-0.791584610939026,-1.86045598983765,-0.589673936367035,1.50913894176483,0.798416197299957
1,0,-51.2291666663333,-18.8791666665274,0.507774591445923,-0.76224160194397,-0.499994605779648,1.47644782066345,0.861998736858368
1,0,-51.5541666663333,-18.1791666665248,0.536226153373718,-0.715821087360382,-0.597211122512817,1.46795868873596,0.75661838054657
4,0,-42.2624999996667,-16.01249999985,-1.15370285511017,-1.5628525018692,-1.10559189319611,0.439506143331528,0.829205334186554
2,0,-42.870833333,-16.3124999998511,-1.50458860397339,-0.44931697845459,-1.93398869037628,0.720160901546478,0.640540242195129
2,0,-52.8291666663333,-12.2958333331693,0.714440107345581,-1.97896146774292,-0.659384727478027,1.44474852085114,0.28227424621582
4,0,-44.9541666663333,-20.5041666665335,-0.338041514158249,0.295349329710007,-0.896945595741272,2.02883386611938,0.590705335140228
3,0,-41.2624999996667,-17.7874999998566,-0.330291748046875,-0.954833984375,-0.34379631280899,-0.204430818557739,1.0293630361557
2,0,-45.345833333,-22.0374999998726,-0.438693553209305,0.753955483436584,-0.225031584501266,2.68535757064819,0.65023010969162
2,0,-52.7291666663333,-13.8041666665083,0.201580017805099,-1.71528077125549,-0.682185590267181,1.37372708320618,0.33248507976532
2,0,-51.6874999996667,-12.9458333331718,0.714004158973694,-2.29216027259827,-0.713119149208069,1.09253585338593,0.358426839113235
4,0,-51.845833333,-14.8541666665123,0.382010519504547,-1.9875568151474,-0.500299155712128,1.1533614397049,0.444852530956268
3,0,-48.820833333,-17.5041666665222,0.0357340201735497,-0.943493008613586,-1.02085900306702,1.05866062641144,0.3342325091362
2,0,-51.3624999996667,-20.3624999998663,0.0050446754321456,-0.872860312461853,0.0401647239923477,0.540773391723633,0.999541580677032
4,0,-47.0041666663333,-12.7958333331712,0.631276071071625,-2.15506649017334,-1.04242765903473,0.525106012821198,0.599026262760162
3,0,-48.7874999996667,-21.7124999998714,-0.295706361532211,-0.475988000631332,-0.188333615660667,1.14309048652649,0.895349264144897
1,0,-44.6541666663333,-13.2291666665062,-0.889177680015564,-2.34757113456726,-1.11833429336548,0.287365317344666,0.511632263660431
3,0,-55.0624999996667,-15.8124999998492,0.351903557777405,-0.855295538902283,-0.401434123516083,1.57750058174133,0.806781530380249
3,0,-54.4291666663333,-17.362499999855,0.263919621706009,-0.803213953971863,-0.115361526608467,1.5603551864624,0.533143520355225
2,0,-49.6791666663333,-17.8041666665234,0.236372277140617,-0.82798558473587,-0.980537295341492,1.0484231710434,0.42708545923233
2,0,-42.120833333,-16.1541666665172,-1.29260790348053,-1.04524612426758,-1.30481481552124,0.377584189176559,0.843218147754669
4,0,-49.8291666663333,-21.3541666665367,-0.416204571723938,-0.68865031003952,0.129086524248123,0.848524928092957,0.883793532848358
1,0,-48.445833333,-12.3458333331695,0.636052012443542,-2.099205493927,-0.921208381652832,0.88630336523056,0.472597301006317
4,0,-44.8541666663333,-20.1874999998657,-0.324325203895569,-0.199703678488731,-0.797397613525391,2.00868439674377,0.581628561019897
4,0,-52.6374999996667,-19.5208333331965,0.434047788381577,-0.723793268203735,-0.0141058042645454,1.17391097545624,0.85184383392334
2,0,-46.1791666663333,-17.8374999998568,0.113914966583252,-0.84488832950592,-1.28999352455139,1.55466091632843,0.878635823726654
2,0,-41.4041666663333,-17.0624999998539,-1.09404742717743,-0.41422501206398,-0.892694473266602,-0.00852490775287151,0.953217744827271
3,0,-44.670833333,-14.1541666665096,-0.845671236515045,-2.34344816207886,-1.06660103797913,0.398300468921661,0.52137953042984
4,0,-49.770833333,-14.1041666665095,0.661704778671265,-2.09790420532227,-0.736675441265106,0.784023404121399,0.566015660762787
3,0,-47.9624999996667,-11.8708333331677,0.526043653488159,-2.10245585441589,-0.865121066570282,0.790938675403595,0.485158056020737
1,0,-47.9291666663333,-17.2541666665213,-0.158592000603676,-0.576465547084808,-1.26466608047485,1.23648452758789,0.177358031272888
3,0,-45.670833333,-21.7291666665381,-0.321540266275406,0.383148401975632,-0.0724698156118393,2.34954833984375,0.689953505992889
1,0,-44.4791666663333,-22.4458333332075,0.131755396723747,0.0646326392889023,-0.119899936020374,1.7637951374054,0.899243950843811
1,0,-52.420833333,-16.8874999998533,0.283816814422607,-1.14363515377045,-0.588560700416565,1.14177680015564,0.248405203223228
4,0,-46.7374999996667,-11.9208333331679,0.574674725532532,-2.37343168258667,-0.900769591331482,0.668487727642059,0.464796781539917
4,0,-47.7624999996667,-14.7958333331787,-0.0800006464123726,-0.285587936639786,-1.48733639717102,0.890209436416626,0.571793854236603
3,0,-55.2874999996667,-15.4458333331812,0.286172360181808,-0.574189782142639,-0.584079504013062,1.64857685565948,0.74308580160141
4,0,-47.745833333,-22.2208333332067,-0.39367550611496,0.601490557193756,-0.464178174734116,1.157022356987,0.796351671218872
4,0,-46.6541666663333,-19.3624999998626,0.0807375609874725,0.0707570016384125,-1.00131464004517,1.89484786987305,0.717848777770996
2,0,-54.920833333,-19.4041666665294,0.685660183429718,-1.03670454025269,0.438240766525269,0.715180516242981,0.857528626918793
1,0,-42.545833333,-18.1541666665247,-0.600028336048126,-0.713232815265656,-0.752659559249878,0.995243072509766,0.694837331771851
2,0,-53.795833333,-18.0958333331911,0.488930463790894,-1.15968680381775,0.0303956754505634,1.19043862819672,0.562789261341095
2,0,-48.3124999996667,-21.3958333332036,-0.178518250584602,-0.267420470714569,-0.565515041351318,1.27487766742706,0.890848100185394
2,0,-52.2791666663333,-18.3041666665253,0.391547113656998,-0.600024461746216,-0.415261715650558,1.39327657222748,0.573934137821198
3,0,-41.9291666663333,-17.3958333331885,-1.03575897216797,-0.795924007892609,-1.00197684764862,0.434203326702118,0.858895838260651
2,0,-52.6874999996667,-19.6041666665301,0.464599400758743,-0.7355837225914,0.0310525204986334,1.05557680130005,0.890914559364319
1,0,-43.3624999996667,-15.5541666665149,-0.960881650447845,-2.3906946182251,-1.26420831680298,-0.177520468831062,0.737541258335114
4,0,-45.245833333,-19.6124999998635,-0.457767128944397,-0.630948424339294,-0.649533033370972,1.98446273803711,0.575772345066071
1,0,-46.8374999996667,-20.4624999998667,0.0103626325726509,-0.126787349581718,-0.640992820262909,1.61010026931763,0.879011332988739
1,0,-44.4541666663333,-20.0708333331986,-0.0324243269860744,0.101700082421303,-1.06456530094147,2.16353368759155,0.526460528373718
4,0,-56.2874999996667,-16.9374999998534,0.343684941530228,-1.54247510433197,0.142826393246651,0.34346079826355,0.926801085472107
3,0,-44.8374999996667,-16.4791666665184,-0.91982239484787,-1.87748205661774,-0.68935763835907,1.09566783905029,0.366911113262177
2,0,-45.195833333,-17.6291666665227,-0.72552901506424,-1.12798655033112,-1.01566231250763,1.26569592952728,0.76570463180542
4,0,-53.5874999996667,-18.9708333331944,0.42895382642746,-0.695298373699188,-0.0512183383107185,0.938603281974792,0.551110565662384
2,0,-43.4374999996667,-22.9458333332094,0.374862432479858,1.11899745464325,0.318674981594086,0.75548928976059,0.933551967144012
3,0,-47.945833333,-14.1874999998431,0.420483320951462,-1.35394942760468,-1.18396997451782,0.7081538438797,0.660617649555206
4,0,-45.970833333,-12.8874999998382,-0.0590276382863522,-1.9757022857666,-1.35418617725372,-0.0297292955219746,0.084061972796917
4,0,-52.3374999996667,-12.2624999998359,0.800886988639832,-2.13913226127625,-0.718389749526978,1.22764432430267,0.367311894893646
2,0,-49.1624999996667,-16.2791666665176,0.545116722583771,-0.685237050056458,-1.2069456577301,0.692677795886993,0.57283741235733
2,0,-51.270833333,-18.6291666665265,0.536252617835999,-0.740965604782104,-0.542397677898407,1.49511444568634,0.866537928581238
1,0,-50.0624999996667,-12.7124999998376,1.04250192642212,-2.21334004402161,-0.857665359973907,0.932846128940582,0.510705411434174
2,0,-52.6291666663333,-20.2041666665324,0.246737703680992,-0.811132609844208,0.278656989336014,0.883775353431702,0.905107498168945
3,0,-49.0041666663333,-22.2124999998733,-0.478338122367859,-0.215062171220779,-0.0885210186243057,0.704566657543182,0.93691349029541
1,0,-55.4541666663333,-17.8791666665237,0.428225189447403,-1.61406445503235,0.395172148942947,0.762312054634094,0.7340287566185
4,0,-49.3124999996667,-14.9291666665126,0.43542668223381,-1.49431812763214,-0.922358632087708,0.664506435394287,0.62858909368515
2,0,-42.2374999996667,-20.3874999998664,-0.885557413101196,0.590213894844055,-0.552935659885406,1.39946854114532,0.6094731092453
4,0,-42.7124999996667,-19.1291666665284,-0.079240083694458,-0.998101353645325,-0.577517926692963,1.00561118125916,0.762132048606873
3,0,-49.9291666663333,-16.1708333331839,0.582691490650177,-0.830175518989563,-1.07404816150665,0.828373670578003,0.518501758575439
4,0,-52.0541666663333,-17.4624999998554,0.294818460941315,-0.575190842151642,-0.795426189899445,1.07846188545227,0.314746648073196
4,0,-49.3541666663333,-18.2458333331917,-0.00573725858703256,-0.959035158157349,-0.92797726392746,1.02627408504486,0.379647582769394
1,0,-46.3541666663333,-11.420833333166,-0.230833321809769,-1.80316698551178,-1.02093291282654,0.823063313961029,0.372875422239304
2,0,-49.0624999996667,-17.3041666665215,0.232700660824776,-0.970609247684479,-1.09577023983002,0.917832553386688,0.433128148317337
2,0,-43.5791666663333,-21.245833333203,-0.0119812646880746,0.301431268453598,-0.794785618782043,1.42182052135468,0.907503724098206
3,0,-46.0041666663333,-20.5458333332004,-0.36701574921608,0.194497779011726,-0.374097496271133,1.97771084308624,0.563834667205811
2,0,-43.8624999996667,-19.5208333331965,-0.280808389186859,-0.553103804588318,-0.991019129753113,1.68088757991791,0.621153354644775
3,0,-49.9374999996667,-17.5541666665224,0.520122706890106,-1.2972594499588,-0.775648176670074,0.963812708854675,0.472075164318085
4,0,-55.720833333,-16.2791666665176,0.491479247808456,-1.32418942451477,-0.0880172699689865,0.707781910896301,0.888066172599792
4,0,-43.720833333,-18.8541666665273,-0.35982808470726,0.698896169662476,-1.15597677230835,1.84871971607208,0.683170676231384
2,0,-42.695833333,-18.5124999998594,-0.55405604839325,0.0998624935746193,-0.735328614711761,1.55581116676331,0.489814609289169
2,0,-42.270833333,-19.8791666665312,-0.752319931983948,0.220865577459335,-0.646942555904388,1.13630402088165,0.726867198944092
1,0,-49.620833333,-16.9458333331868,0.523237943649292,-0.900270760059357,-1.08005440235138,0.801398515701294,0.520373940467834
3,0,-48.770833333,-17.8624999998569,0.176528066396713,-0.848832428455353,-0.881916880607605,1.53369247913361,0.819545328617096
4,0,-41.695833333,-18.504166666526,-0.17110313475132,-0.874417126178741,-0.465946406126022,0.250023901462555,0.96466863155365
1,0,-47.845833333,-19.1041666665283,0.308295965194702,-0.421009749174118,-1.10780549049377,1.69986140727997,0.896604359149933
2,0,-50.1541666663333,-14.437499999844,0.674856960773468,-2.05851936340332,-0.729888081550598,0.828949868679047,0.572243630886078
4,0,-49.4291666663333,-15.0458333331797,0.435001075267792,-1.47326993942261,-0.89640599489212,0.692872405052185,0.597204208374023
2,0,-44.2041666663333,-22.9708333332095,0.835798382759094,0.467913657426834,0.476578295230865,0.907844185829163,0.941400647163391
4,0,-49.0041666663333,-17.5374999998557,0.106587998569012,-1.00315392017365,-1.01933133602142,0.998531699180603,0.374616324901581
2,0,-45.9291666663333,-18.7041666665268,-0.11049871891737,-0.181656733155251,-1.15999436378479,1.56865072250366,0.815570831298828
2,0,-49.8541666663333,-12.4791666665033,0.990084290504456,-2.1728241443634,-0.906651794910431,0.878578007221222,0.51710319519043
1,0,-49.4791666663333,-21.245833333203,-0.380655407905579,-0.807467639446259,-0.105329573154449,0.931460976600647,0.945642590522766
4,0,-49.0791666663333,-14.6791666665116,0.469281107187271,-1.5339663028717,-0.904863357543945,0.658276200294495,0.676241338253021
4,0,-47.2291666663333,-14.1124999998428,0.469898700714111,-1.79737031459808,-1.01462709903717,0.599969685077667,0.723114609718323
4,0,-42.9874999996667,-17.4874999998555,-0.865681350231171,-0.936429083347321,-1.15403068065643,0.818479001522064,0.809264004230499
1,0,-44.9624999996667,-12.6291666665039,-0.571808040142059,-2.07028102874756,-0.995645463466644,0.532956063747406,0.547563552856445
2,0,-48.695833333,-14.0291666665092,0.48527854681015,-1.6052782535553,-0.96060186624527,0.747394382953644,0.590875148773193
4,0,-46.070833333,-15.5708333331816,0.146761521697044,-1.10104846954346,-1.32860326766968,1.57903289794922,0.112639874219894
2,0,-48.6041666663333,-20.9624999998686,0.0972483083605766,-0.786520540714264,-0.482055187225342,1.38609480857849,0.873360633850098
1,0,-55.8874999996667,-14.3708333331771,0.90964138507843,-1.04052758216858,-0.793455958366394,1.64688158035278,1.0141509771347
2,0,-48.695833333,-15.4791666665146,0.272261261940002,-0.845356345176697,-1.15790557861328,0.565721452236176,0.645931780338287
1,0,-45.2041666663333,-19.5041666665298,-0.447761297225952,-0.689067304134369,-0.701840937137604,1.76623582839966,0.696624159812927
2,0,-53.1874999996667,-19.1624999998618,0.465956479310989,-0.477794826030731,-0.0604008659720421,1.388054728508,0.797650158405304
2,0,-53.895833333,-21.0791666665357,0.435704797506332,-0.402777820825577,0.523808300495148,0.34652042388916,0.943629026412964
1,0,-46.7124999996667,-15.5124999998481,-0.196520015597343,-0.956031024456024,-1.32334172725677,0.856408894062042,0.443629145622253
1,0,-52.845833333,-12.7124999998376,0.774864554405212,-1.79617249965668,-0.62404590845108,1.94676756858826,0.761331677436829
4,0,-56.4124999996667,-15.4541666665145,0.227233499288559,-1.08528304100037,0.101380370557308,0.369150280952454,1.27565288543701
3,0,-47.345833333,-16.5708333331854,-0.335614055395126,-0.738704860210419,-1.19205439090729,1.19718539714813,0.168238639831543
4,0,-41.870833333,-16.720833333186,-1.07587134838104,-2.18336915969849,-0.777383923530579,0.20057937502861,0.891065716743469
3,0,-44.1874999996667,-15.7291666665156,-1.04919302463531,-1.68878090381622,-1.34948766231537,0.387706071138382,0.534606695175171
2,0,-55.0291666663333,-17.612499999856,0.495875954627991,-1.49573588371277,0.24935507774353,0.986875355243683,0.722940683364868
1,0,-42.5874999996667,-21.0791666665357,-0.64980274438858,0.502983570098877,-0.495913714170456,1.45988059043884,0.62125700712204
1,0,-51.0874999996667,-20.7874999998679,-0.429674714803696,-0.871916711330414,0.218821153044701,0.654260814189911,0.894736170768738
4,0,-42.070833333,-17.0374999998538,-0.965171158313751,-1.7105005979538,-0.899997234344482,0.300329685211182,0.948277354240417
2,0,-47.7874999996667,-17.5041666665222,-0.191356346011162,-0.578475713729858,-1.23467230796814,1.28178250789642,0.12652713060379
2,0,-56.7374999996667,-18.5124999998594,0.429092049598694,-1.59562933444977,0.530167579650879,0.175898030400276,1.10573530197144
1,0,-54.7041666663333,-20.9624999998686,0.431309580802917,-0.464476555585861,0.625171303749084,0.179114803671837,0.74058985710144
4,0,-54.7791666663333,-15.8458333331827,0.380411356687546,-0.825222074985504,-0.406007617712021,1.76610136032104,0.818510234355927
2,0,-44.695833333,-19.0958333331949,-0.549247860908508,-0.898615062236786,-0.867980062961578,1.64057004451752,0.675515055656433
4,0,-49.045833333,-18.9791666665278,-0.0982570126652718,-0.914266407489777,-0.424916297197342,1.61387145519257,0.624078929424286
1,0,-48.5374999996667,-18.9874999998612,0.134582221508026,-0.64646190404892,-0.671023607254028,1.82295906543732,0.806334376335144
2,0,-55.5541666663333,-19.0624999998614,0.639955520629883,-1.41645634174347,0.742651283740997,0.79501074552536,0.841528534889221
2,0,-45.3041666663333,-21.3124999998699,-0.420819520950317,0.469166427850723,-0.405345886945724,1.93660318851471,0.578189373016357
3,0,-52.1291666663333,-19.9291666665314,0.281472980976105,-0.833237051963806,0.0893190428614616,1.13792538642883,0.831191599369049
2,0,-54.5791666663333,-19.395833333196,0.402423501014709,-0.526146650314331,0.168449610471725,0.772880434989929,0.489467591047287
3,0,-50.145833333,-18.9958333331945,0.321042448282242,-0.8172886967659,-0.57414698600769,1.48838043212891,0.938559889793396
2,0,-53.2041666663333,-16.0874999998503,0.158680632710457,-1.22653567790985,-0.300177335739136,2.16350078582764,0.552433490753174
3,0,-53.9624999996667,-17.5458333331891,0.321189671754837,-0.792794287204742,-0.154116898775101,1.59393620491028,0.475325345993042
3,0,-50.020833333,-18.4624999998592,0.518540501594543,-1.22363042831421,-0.603393793106079,1.30708920955658,0.872870564460754
2,0,-53.6541666663333,-13.2458333331729,0.640377759933472,-1.58691251277924,-0.535529673099518,2.24724578857422,0.762994408607483
4,0,-43.0124999996667,-21.4708333332038,-0.137698382139206,-0.331402063369751,-0.537607431411743,1.2438428401947,0.880123853683472
4,0,-51.7791666663333,-16.0458333331834,0.479847073554993,-1.80094480514526,-0.483363538980484,0.937102973461151,0.421576052904129
2,0,-47.0541666663333,-16.5291666665186,-0.369463980197906,-0.747300982475281,-1.20542323589325,1.16004395484924,0.18854258954525
2,0,-43.5624999996667,-21.0458333332022,-0.145046904683113,0.523445844650269,-0.784080982208252,1.46462786197662,0.828705370426178
4,0,-50.7624999996667,-13.1374999998392,0.94127881526947,-2.36034679412842,-0.68292099237442,0.904792487621307,0.475996404886246
4,0,-57.0291666663333,-15.579166666515,0.302862763404846,-0.763108372688293,-0.265491127967834,1.00236928462982,1.22293853759766
4,0,-43.1874999996667,-15.9374999998497,-1.05644261837006,-1.62485730648041,-1.32270514965057,0.50138920545578,0.835696458816528
3,0,-53.3874999996667,-20.1708333331989,0.418074280023575,-0.726758420467377,0.266864538192749,0.681318700313568,0.836512625217438
2,0,-52.745833333,-12.4124999998364,0.688387215137482,-1.97027552127838,-0.741645395755768,1.37228918075562,0.315016031265259
3,0,-50.870833333,-20.7791666665346,-0.418926507234573,-0.815366327762604,0.0977206900715828,0.612938761711121,0.952737331390381
3,0,-52.2541666663333,-16.7791666665195,0.281806975603104,-1.09527504444122,-0.661066055297852,1.14039444923401,0.276457458734512
4,0,-53.220833333,-18.9124999998609,0.406691581010818,-0.636378228664398,-0.159414634108543,1.08278000354767,0.555578529834747
1,0,-54.1791666663333,-20.0874999998653,0.653193831443787,-0.614450991153717,0.274663776159286,0.664516925811768,0.810197770595551
1,0,-53.3624999996667,-12.929166666505,0.721993803977966,-1.6557697057724,-0.58341258764267,2.09200930595398,0.743131697177887
4,0,-40.820833333,-20.4541666665333,-0.357661694288254,1.19578325748444,-0.241791129112244,-0.14331465959549,0.828552305698395
2,0,-44.9791666663333,-16.5708333331854,-0.994934260845184,-1.95582830905914,-0.659072816371918,1.1117559671402,0.344348013401031
1,0,-50.3541666663333,-12.9874999998386,0.956845223903656,-2.3299605846405,-0.798136115074158,0.849952757358551,0.490132749080658
3,0,-46.070833333,-13.4041666665068,-0.0654482468962669,-1.66782248020172,-1.2567298412323,0.514227569103241,0.504084169864655
1,0,-41.345833333,-18.2958333331919,-0.196355119347572,-0.990956425666809,-0.369806081056595,-0.0431572161614895,1.02602314949036
3,0,-46.495833333,-22.1124999998729,-0.0526003614068031,0.680517554283142,-0.334196001291275,1.7301629781723,0.610385477542877
3,0,-44.420833333,-22.5208333332078,0.046034574508667,0.220669865608215,-0.234309643507004,1.73798942565918,0.90815144777298
1,0,-51.2791666663333,-12.8958333331716,0.918144941329956,-2.3740382194519,-0.696013689041138,0.972226023674011,0.438970506191254
1,0,-51.5791666663333,-21.0208333332021,-0.399009793996811,-0.943170964717865,0.357865303754807,0.32712534070015,0.947696208953857
2,0,-45.020833333,-22.7958333332088,-0.103954568505287,0.313997983932495,-0.268217712640762,1.38938319683075,0.91154021024704
1,0,-46.295833333,-12.0874999998352,0.0107114408165216,-1.95016086101532,-1.258868932724,0.31176084280014,-0.121701054275036
3,0,-43.995833333,-21.7208333332048,-0.341568201780319,1.0151549577713,-0.946039974689484,1.79471874237061,0.721042990684509
1,0,-55.4041666663333,-14.0874999998427,0.880592107772827,-0.894717752933502,-0.833675801753998,2.16292333602905,0.843530178070068
3,0,-45.7291666663333,-20.2374999998659,-0.584742426872253,-0.267716854810715,-0.339319616556168,1.94723272323608,0.509583652019501
2,0,-53.6874999996667,-14.0958333331761,0.605359375476837,-1.14480447769165,-0.540515840053558,2.48067855834961,0.699833929538727
4,0,-54.445833333,-15.2874999998472,0.434223026037216,-0.508487224578857,-0.601732015609741,2.55113363265991,0.67652702331543
2,0,-45.7374999996667,-22.4208333332074,-0.362322479486465,0.909614562988281,-0.0253166817128658,2.17675304412842,0.72944039106369
3,0,-46.270833333,-17.4541666665221,-0.0187554061412811,-1.35308754444122,-0.945713043212891,1.48480844497681,0.853687405586243
1,0,-52.9374999996667,-16.7291666665193,0.347033262252808,-0.96693342924118,-0.399248898029327,1.76578402519226,0.533207416534424
1,0,-44.4374999996667,-19.487499999863,-0.406776547431946,-0.536102175712585,-0.886231958866119,1.70771217346191,0.700346291065216
4,0,-45.8291666663333,-20.995833333202,-0.398776948451996,0.43308562040329,-0.445871025323868,1.94907379150391,0.597156047821045
3,0,-41.6541666663333,-16.0958333331836,-1.40489685535431,-0.477763593196869,-1.39406585693359,0.028864549472928,0.912543118000031
4,0,-54.6124999996667,-17.520833333189,0.285511344671249,-0.917106449604034,-0.0339992567896843,1.39513456821442,0.542981684207916
2,0,-48.5291666663333,-13.36249999984,0.374695479869843,-1.06603503227234,-1.31450808048248,0.906902015209198,0.545446515083313
2,0,-44.5624999996667,-19.8624999998645,-0.13579224050045,-0.155964776873589,-1.01177895069122,2.1504225730896,0.485702812671661
1,0,-49.6624999996667,-12.3541666665029,1.02990877628326,-2.29298901557922,-0.819421947002411,0.904948890209198,0.507679462432861
4,0,-44.170833333,-17.4458333331887,-0.813706874847412,-0.684161961078644,-1.24426126480103,0.972238779067993,0.853121757507324
2,0,-56.0791666663333,-18.4791666665259,0.408582717180252,-1.63626444339752,0.505014479160309,0.391414940357208,0.734528243541718
3,0,-56.3041666663333,-15.0958333331799,0.21136973798275,-0.717930018901825,0.122473388910294,0.233090743422508,1.2143566608429
1,0,-49.095833333,-13.0541666665055,0.761038303375244,-2.10398507118225,-0.852323949337006,0.870045483112335,0.517836809158325
4,0,-46.145833333,-13.9208333331754,0.068122573196888,-1.44129776954651,-1.43712067604065,0.633146166801453,0.426083147525787
4,0,-46.7874999996667,-17.7541666665232,0.268797188997269,-0.96131420135498,-1.0790890455246,1.56982600688934,0.827576577663422
1,0,-54.0541666663333,-20.6708333332008,0.571197330951691,-0.380326509475708,0.36058697104454,0.408829212188721,0.973593890666962
3,0,-49.1374999996667,-13.7791666665082,0.645135819911957,-1.9310462474823,-0.834960341453552,0.800503373146057,0.581616282463074
2,0,-42.8874999996667,-15.7958333331825,-0.897368133068085,-1.66729402542114,-1.27914726734161,0.672380745410919,0.741367816925049
3,0,-45.7041666663333,-13.3208333331732,-0.28620457649231,-1.95416879653931,-1.17051911354065,0.382925570011139,0.486146956682205
4,0,-47.9291666663333,-15.8791666665161,-0.15110544860363,-0.285365700721741,-1.23610377311707,0.890674710273743,0.489956915378571
1,0,-42.5624999996667,-19.1041666665283,-0.239525362849236,0.054461482912302,-0.793587267398834,1.25908470153809,0.685916125774384
1,0,-54.3624999996667,-16.9791666665203,0.307777941226959,-1.00671517848969,-0.210073411464691,1.45129585266113,0.621427893638611
3,0,-55.020833333,-16.9124999998534,0.419117003679276,-1.51983964443207,0.133126512169838,1.19429790973663,0.745782375335693
2,0,-57.0624999996667,-18.1208333331912,0.460523039102554,-1.78668677806854,0.46393209695816,0.133171379566193,1.14879953861237
1,0,-44.395833333,-18.4624999998592,-0.817202866077423,-1.03002798557281,-1.00002527236938,1.27320373058319,0.686777055263519
4,0,-43.945833333,-15.4541666665145,-0.854520380496979,-2.31916928291321,-1.24136221408844,0.116564944386482,0.595845520496368
3,0,-50.9124999996667,-14.7541666665119,0.680297553539276,-2.09342265129089,-0.622244417667389,0.959428489208221,0.515449285507202
2,0,-44.5791666663333,-21.2708333332031,-0.0350661426782608,0.38748487830162,-0.669932425022125,2.21070313453674,0.509991526603699
4,0,-45.670833333,-12.5374999998369,0.145370915532112,-2.0375542640686,-1.42489755153656,0.0407184921205044,0.0289212483912706
1,0,-52.9791666663333,-13.0708333331722,0.443936228752136,-1.92242980003357,-0.64564573764801,1.49803352355957,0.251589387655258
3,0,-56.545833333,-15.0124999998462,0.339249551296234,-0.910915195941925,0.0379096977412701,0.405298233032227,1.26743876934052
1,0,-42.795833333,-18.1458333331913,-0.653914988040924,-0.204732909798622,-0.931774318218231,1.24090814590454,0.635932087898254
3,0,-53.7374999996667,-17.3958333331885,0.251964777708054,-0.583358526229858,-0.328588157892227,1.71568191051483,0.456420332193375
2,0,-51.9624999996667,-19.9624999998648,0.269569516181946,-0.932661652565002,0.132568463683128,1.15733647346497,0.876063168048859
4,0,-44.7541666663333,-14.1124999998428,-0.841418445110321,-2.33147835731506,-1.09795892238617,0.39958867430687,0.507895648479462
1,0,-42.570833333,-20.0958333331987,-0.418793022632599,-0.725446879863739,-0.444245487451553,0.98336398601532,0.804305493831635
3,0,-53.1374999996667,-18.8958333331941,0.380529075860977,-0.575528681278229,-0.205003529787064,1.05616474151611,0.551128327846527
3,0,-45.2041666663333,-14.779166666512,-0.422883957624435,-1.8093546628952,-1.23882782459259,0.852401554584503,0.351917564868927
3,0,-44.970833333,-13.887499999842,-0.875340104103088,-2.11943459510803,-1.22790575027466,0.36670657992363,0.491927176713943
1,0,-51.270833333,-16.1791666665173,0.465655505657196,-1.04436802864075,-0.870404541492462,0.943446218967438,0.479419708251953
3,0,-53.0624999996667,-21.2874999998698,0.061157800257206,-0.725576937198639,0.662454664707184,0.220615148544312,0.952283084392548
1,0,-47.445833333,-11.6458333331669,0.443421959877014,-2.21181058883667,-0.813230216503143,0.698352038860321,0.50698333978653
1,0,-46.1874999996667,-21.4124999998703,-0.252714484930038,0.535743713378906,-0.398208677768707,1.83107948303223,0.625543534755707
4,0,-47.345833333,-11.2708333331655,0.265927970409393,-1.68009400367737,-1.00380265712738,0.802072525024414,0.506288468837738
4,0,-45.6791666663333,-16.5374999998519,-0.888760685920715,-1.69613683223724,-0.903197824954987,0.892727077007294,0.413047432899475
1,0,-45.970833333,-14.4874999998442,-0.0420609153807163,-1.53224694728851,-1.36427283287048,0.803199827671051,0.405208587646484
3,0,-41.1374999996667,-21.8291666665385,0.0504600442945957,-0.630838632583618,0.243145346641541,-1.33524537086487,1.25962269306183
4,0,-41.1874999996667,-18.4791666665259,-0.345585256814957,0.0358387380838394,-0.525530755519867,0.135537832975388,0.945261001586914
3,0,-55.1291666663333,-18.4958333331926,0.497512668371201,-1.39431035518646,0.501845836639404,0.766762852668762,0.677183091640472
4,0,-48.020833333,-18.8208333331939,0.319068253040314,-0.441093385219574,-1.16092526912689,1.87017095088959,0.78525722026825
3,0,-46.120833333,-19.6374999998636,-0.317763775587082,0.519119679927826,-0.85678893327713,2.05454540252686,0.68780118227005
1,0,-48.4124999996667,-14.4624999998441,0.424388349056244,-1.52930271625519,-1.00897216796875,0.63164871931076,0.661647439002991
3,0,-56.070833333,-18.0958333331911,0.406273037195206,-1.66571831703186,0.459162771701813,0.460103452205658,0.768476009368896
1,0,-48.3541666663333,-22.0958333332062,-0.302673667669296,0.169895648956299,-0.222445130348206,1.21522772312164,0.941998779773712
3,0,-42.3374999996667,-20.6041666665339,-1.01548933982849,0.662890136241913,-0.547067046165466,1.46226036548615,0.515276491641998
2,0,-55.120833333,-15.5874999998484,0.26289576292038,-0.473657011985779,-0.590140283107758,1.80265557765961,0.771578669548035
4,0,-54.5624999996667,-14.9541666665127,0.669124782085419,-0.413278669118881,-0.569914400577545,3.0176796913147,0.982444047927856
4,0,-55.0791666663333,-19.57916666653,0.678139090538025,-0.84518027305603,0.447935163974762,0.781803250312805,0.818455457687378
3,0,-53.6291666663333,-18.0791666665244,0.49876481294632,-1.05260026454926,-0.0526833534240723,1.14400839805603,0.589093267917633
3,0,-54.2124999996667,-13.0041666665053,0.776307463645935,-1.54883241653442,-0.719858825206757,2.22054529190063,0.785661458969116
2,0,-41.5874999996667,-16.8791666665199,-1.27042627334595,-0.578652381896973,-1.10462367534637,0.144755393266678,0.91224479675293
2,0,-45.795833333,-22.9208333332093,-0.00840272847563028,1.33874595165253,-0.171411618590355,1.3843742609024,0.82678759098053
3,0,-52.4124999996667,-12.3041666665027,0.811348021030426,-2.0416259765625,-0.599783301353455,1.40845286846161,0.328890323638916
2,0,-44.3124999996667,-20.7958333332013,-0.235651150345802,0.75789737701416,-1.07563841342926,2.0640082359314,0.605469048023224
3,0,-43.6124999996667,-18.0291666665242,-0.336323589086533,0.620120465755463,-1.50794899463654,1.19279754161835,0.876082897186279
4,0,-40.8291666663333,-18.8624999998607,-0.0417745858430862,-0.209404528141022,-0.283193975687027,-0.219715639948845,1.04526329040527
4,0,-51.1624999996667,-13.3791666665067,0.803360879421234,-2.34138035774231,-0.606032252311707,0.99443793296814,0.441605299711227
1,0,-41.5874999996667,-22.137499999873,0.165533155202866,-0.451699316501617,0.345570355653763,-0.810008108615875,1.10249269008636
2,0,-41.645833333,-21.9958333332058,-0.00134650280233473,-0.535532116889954,0.173752695322037,-0.552855372428894,1.03115582466125
1,0,-52.7874999996667,-20.0958333331987,0.360793739557266,-0.71742057800293,0.146870836615562,0.734107613563538,0.968919575214386
1,0,-45.5374999996667,-19.5708333331967,-0.393875032663345,-0.537830054759979,-0.577506363391876,2.00600790977478,0.611576020717621
3,0,-47.220833333,-16.0458333331834,-0.333911597728729,-0.627572596073151,-1.31657958030701,0.961137294769287,0.319819986820221
4,0,-47.645833333,-17.2791666665214,-0.164087936282158,-0.607190370559692,-1.23522961139679,1.30672776699066,0.107390448451042
3,0,-45.620833333,-16.104166666517,-0.68693745136261,-1.83631539344788,-0.847341120243073,0.983550906181335,0.332824796438217
4,0,-52.120833333,-13.6791666665079,0.434383511543274,-1.98275673389435,-0.666725039482117,1.27013051509857,0.346411854028702
4,0,-50.045833333,-21.4708333332038,-0.385297328233719,-0.538680255413055,0.134906873106956,0.969930350780487,0.856937646865845
3,0,-44.145833333,-20.5624999998671,-0.287646114826202,0.375960677862167,-1.00130152702332,1.92188620567322,0.656643688678741
4,0,-56.495833333,-17.6374999998561,0.361383974552155,-1.70341491699219,0.351242959499359,0.306872487068176,0.831590056419373
2,0,-42.495833333,-17.8791666665237,-0.846594572067261,-0.202959835529327,-1.12365329265594,0.981665194034576,0.712293207645416
4,0,-47.8041666663333,-20.5041666665335,0.313774555921555,-0.596718490123749,-0.660343527793884,1.67567133903503,0.869931638240814
4,0,-51.7874999996667,-16.470833333185,0.487300843000412,-1.59584391117096,-0.553191542625427,0.956216037273407,0.402901470661163
3,0,-41.3374999996667,-17.520833333189,-0.563967704772949,-0.915022909641266,-0.448656529188156,-0.158305868506432,1.01068484783173
3,0,-44.8124999996667,-16.8208333331863,-0.360736876726151,-1.53591358661652,-0.461644858121872,1.89589774608612,0.761394560337067
1,0,-53.5124999996667,-20.6458333332007,0.40864822268486,-0.635209143161774,0.41599914431572,0.4519222676754,0.974522292613983
3,0,-44.2624999996667,-18.1624999998581,-0.922594308853149,-1.29280388355255,-0.947454750537872,0.896767675876617,0.802103459835052
4,0,-53.645833333,-16.5791666665188,0.219190031290054,-0.846718370914459,-0.34965306520462,1.97490763664246,0.490365207195282
1,0,-44.8124999996667,-22.9208333332093,-0.86985057592392,1.25509011745453,-0.364491522312164,1.78194546699524,0.655552923679352
3,0,-48.395833333,-14.9541666665127,0.179961070418358,-0.884894371032715,-1.24008297920227,0.576738715171814,0.66959810256958
4,0,-54.7541666663333,-18.1791666665248,0.405411124229431,-0.945141673088074,0.212779328227043,1.07484340667725,0.599301993846893
2,0,-41.695833333,-18.3541666665254,-0.300379008054733,-0.634697735309601,-0.527280628681183,0.270026564598083,0.93377149105072
4,0,-46.6624999996667,-14.5708333331779,0.0764693766832352,-2.10186243057251,-0.896686732769012,0.425227582454681,0.774417161941528
3,0,-52.1124999996667,-13.5208333331739,0.427054017782211,-1.95113468170166,-0.66797661781311,1.34030640125275,0.299808859825134
1,0,-54.595833333,-13.9458333331755,0.653029978275299,-1.15383315086365,-0.806304156780243,2.17637705802917,0.753647744655609
3,0,-50.220833333,-13.2541666665063,0.872805655002594,-2.22605776786804,-0.790701806545258,0.901284456253052,0.489957273006439
3,0,-44.5291666663333,-21.1291666665359,-0.0484981425106525,0.37012055516243,-0.702262461185455,2.28403973579407,0.50948029756546
3,0,-51.545833333,-14.8958333331791,0.516848146915436,-2.02147197723389,-0.460223346948624,1.09395122528076,0.466116786003113
2,0,-45.8124999996667,-20.9541666665352,-0.419781565666199,0.399662137031555,-0.440488189458847,1.93792164325714,0.596065044403076
1,0,-41.445833333,-19.57916666653,-0.137487575411797,-0.848752856254578,-0.257052212953568,0.188046500086784,0.983545541763306
4,0,-43.3541666663333,-22.6958333332084,1.17020738124847,0.170769736170769,1.04357099533081,0.552848219871521,0.950509130954742
4,0,-51.4624999996667,-15.8958333331829,0.516660809516907,-1.67416799068451,-0.572974741458893,0.998263239860535,0.472353160381317
1,0,-53.1041666663333,-15.854166666516,0.0646489709615707,-1.21838080883026,-0.359483957290649,2.27310276031494,0.554758310317993
2,0,-52.8291666663333,-18.5791666665263,0.215998649597168,-0.214472413063049,-0.370526611804962,1.34737503528595,0.511217355728149
2,0,-53.0291666663333,-18.2708333331918,0.225341275334358,-0.251831501722336,-0.400380879640579,1.43880033493042,0.46488481760025
4,0,-54.3874999996667,-18.7958333331938,0.519753932952881,-1.07138383388519,0.295598298311234,0.892132103443146,0.561909317970276
1,0,-44.545833333,-18.8708333331941,-0.595493733882904,-0.915281116962433,-0.984163165092468,1.64461922645569,0.616331994533539
3,0,-45.0124999996667,-18.6124999998598,-0.547155737876892,-1.08153080940247,-0.928367137908936,1.40019106864929,0.764087200164795
1,0,-50.6124999996667,-18.8041666665271,0.415093630552292,-0.959808707237244,-0.47503998875618,1.56169831752777,0.891393661499023
1,0,-46.820833333,-12.3541666665029,0.661460936069489,-2.44540524482727,-0.837411105632782,0.669071793556213,0.485462516546249
4,0,-55.320833333,-15.5874999998484,0.217274263501167,-0.480816096067429,-0.546928524971008,1.68452930450439,0.779118835926056
2,0,-47.6124999996667,-19.6041666665301,0.248217865824699,0.353289723396301,-0.989804208278656,1.79598808288574,0.812520444393158
2,0,-47.020833333,-16.3874999998514,-0.247821465134621,-1.0988974571228,-1.14362943172455,0.817711234092712,0.334970921278
1,0,-53.945833333,-14.8124999998455,0.798577070236206,-0.604012906551361,-0.596720576286316,3.05127501487732,0.574683845043182
1,0,-51.995833333,-19.3124999998624,0.447213888168335,-0.749790668487549,-0.19111242890358,1.47621631622314,0.86140364408493
1,0,-43.145833333,-22.0041666665392,0.239859193563461,0.077009990811348,-0.202337771654129,1.16585111618042,0.939034700393677
4,0,-54.120833333,-21.0541666665356,0.498057633638382,-0.403142392635345,0.578967332839966,0.401187151670456,0.91792494058609
4,0,-50.0291666663333,-13.0708333331722,0.927945733070374,-2.22378897666931,-0.821605503559113,0.896455645561218,0.516847372055054
2,0,-47.570833333,-19.7874999998642,0.333764344453812,0.118353508412838,-0.861905872821808,1.68075084686279,0.904491662979126
3,0,-45.345833333,-19.3124999998624,-0.422875612974167,-0.783494293689728,-0.648591637611389,1.72544074058533,0.740792989730835
4,0,-45.720833333,-16.562499999852,-0.870827257633209,-1.63469839096069,-0.94063138961792,0.917805314064026,0.409682273864746
2,0,-48.995833333,-22.2958333332069,-0.440980792045593,-0.392181366682053,-0.0367273688316345,0.493825137615204,0.825752973556519
1,0,-50.9874999996667,-20.0374999998651,-0.0723122507333755,-0.897793471813202,-0.104131743311882,1.00942361354828,0.930273652076721
1,0,-47.7041666663333,-11.0374999998313,0.460329979658127,-1.97593891620636,-0.774633824825287,0.730667948722839,0.558091640472412
4,0,-47.3874999996667,-20.7874999998679,0.0982133522629738,0.252175360918045,-0.677131175994873,1.43590581417084,0.889967203140259
1,0,-43.770833333,-19.2041666665286,-0.457454204559326,-0.434215605258942,-0.974589109420776,1.79979181289673,0.571979820728302
1,0,-54.720833333,-17.8958333331904,0.466076880693436,-1.24297785758972,0.165157750248909,0.978279948234558,0.632799923419952
1,0,-50.9124999996667,-14.1958333331765,0.721514403820038,-2.17362713813782,-0.656777799129486,0.920411169528961,0.53091436624527
1,0,-49.620833333,-13.1208333331724,0.865313947200775,-2.17034387588501,-0.825253903865814,0.87232494354248,0.523605585098267
3,0,-48.5124999996667,-17.887499999857,0.15658912062645,-0.959792196750641,-0.853051722049713,1.49336063861847,0.798499286174774
1,0,-48.9541666663333,-19.0958333331949,-0.0746212527155876,-0.82572615146637,-0.454884469509125,1.63174545764923,0.619563460350037
1,0,-46.1124999996667,-13.7874999998416,-0.133613929152489,-1.63639831542969,-1.33984076976776,0.592792212963104,0.375622659921646
4,0,-51.620833333,-19.7791666665308,0.249560296535492,-0.750676274299622,-0.0429255329072475,1.44015502929688,0.841115951538086
1,0,-48.345833333,-16.8458333331864,0.00809902604669333,-0.600792407989502,-1.18809926509857,1.07071042060852,0.347463488578796
2,0,-51.8624999996667,-19.0874999998615,0.479328244924545,-0.581382274627686,-0.300193279981613,1.6211724281311,0.917012393474579
2,0,-52.8541666663333,-16.5958333331855,0.337334275245667,-1.10422444343567,-0.357624381780624,1.79396450519562,0.536578178405762
4,0,-48.7041666663333,-21.3708333332035,-0.110391348600388,-0.774327039718628,-0.32431235909462,1.21544206142426,0.853114426136017
3,0,-50.3874999996667,-17.2458333331879,0.551735401153564,-1.08552062511444,-0.826347708702087,1.08136081695557,0.455197960138321
2,0,-47.4541666663333,-13.6041666665076,0.512836277484894,-0.909774601459503,-1.46486878395081,0.96170437335968,0.579893469810486
3,0,-42.3124999996667,-20.8874999998683,-0.679666757583618,-0.162786170840263,-0.269839555025101,1.32853698730469,0.606022596359253
4,0,-42.6541666663333,-18.9708333331944,-0.385379195213318,0.542930722236633,-0.885355174541473,1.50328648090363,0.571808516979218
3,0,-57.2541666663333,-17.5041666665222,0.390571981668472,-1.83997428417206,0.249323114752769,-0.0512492954730988,0.921856820583344
2,0,-52.5874999996667,-12.3958333331697,0.711187839508057,-2.05809593200684,-0.667784929275513,1.38834619522095,0.297281295061111
4,0,-49.0874999996667,-12.995833333172,0.777633488178253,-2.10953044891357,-0.849607586860657,0.869090497493744,0.521206676959991
2,0,-51.295833333,-15.5374999998482,0.548421740531921,-1.8997505903244,-0.581058502197266,0.934565722942352,0.479588836431503
2,0,-45.720833333,-19.8791666665312,-0.533538520336151,-0.388303726911545,-0.39457231760025,2.0217273235321,0.534323394298553
2,0,-48.5374999996667,-12.5208333331702,0.596417903900146,-2.0481219291687,-0.949297308921814,0.802565157413483,0.503281235694885
2,0,-49.295833333,-12.8541666665048,0.841828048229218,-2.22745966911316,-0.831787526607513,0.858316004276276,0.504617691040039
3,0,-48.6541666663333,-13.3458333331733,0.590733647346497,-1.86858522891998,-0.988072037696838,0.797498345375061,0.58125376701355
1,0,-55.670833333,-17.3874999998551,0.397276669740677,-1.55337917804718,0.247787207365036,0.644347727298737,0.820654571056366
1,0,-47.4374999996667,-16.3374999998512,-0.35222452878952,-0.650660037994385,-1.27022838592529,1.1126446723938,0.239851132035255
3,0,-51.045833333,-12.3124999998361,1.20953369140625,-2.41443181037903,-0.838991105556488,0.877744853496552,0.524610579013824
3,0,-56.0541666663333,-14.9874999998461,0.450958073139191,-0.767944633960724,-0.447264432907104,0.78081077337265,1.34405636787415
2,0,-54.4124999996667,-15.7708333331824,0.324015498161316,-0.82377952337265,-0.398669630289078,2.14952921867371,0.734342575073242
4,0,-49.6374999996667,-19.3458333331958,0.0792367979884148,-0.760377168655396,-0.528588533401489,1.55231928825378,0.893175184726715
1,0,-40.970833333,-20.0291666665317,-0.441158264875412,1.65406143665314,-0.358611345291138,0.346702754497528,0.753657102584839
4,0,-53.1874999996667,-15.3791666665143,0.226966395974159,-1.26064479351044,-0.337238103151321,2.52939891815186,0.586602687835693
1,0,-46.5874999996667,-13.7624999998415,0.369246423244476,-2.16982245445251,-0.91634076833725,0.405061900615692,0.714680254459381
1,0,-47.6791666663333,-15.5291666665148,-0.202846750617027,-0.472408443689346,-1.35713672637939,0.690682530403137,0.555550813674927
2,0,-41.220833333,-20.3874999998664,-0.63068825006485,0.63839989900589,-0.368290066719055,0.354776322841644,0.745457589626312
2,0,-43.2374999996667,-19.1791666665285,-0.209084302186966,0.150176793336868,-0.769075155258179,1.8570568561554,0.55121386051178
1,0,-48.870833333,-20.3958333331998,0.150928765535355,-1.18349099159241,-0.413790106773376,1.23179960250854,0.874601542949677
4,0,-51.8041666663333,-16.1374999998504,0.446528792381287,-1.77545988559723,-0.458690077066422,1.01729595661163,0.389050602912903
1,0,-45.0041666663333,-22.5208333332078,-0.0839102193713188,0.554913520812988,-0.185449257493019,1.97797882556915,0.895943105220795
1,0,-49.7791666663333,-18.9958333331945,0.18348291516304,-1.1609503030777,-0.512872099876404,1.32471191883087,0.676146268844604
2,0,-53.6291666663333,-16.2291666665175,0.222761631011963,-1.07354462146759,-0.303380012512207,2.06464242935181,0.588215529918671
1,0,-51.520833333,-18.6124999998598,0.535003662109375,-0.746481418609619,-0.453762918710709,1.49816477298737,0.847592532634735
3,0,-46.195833333,-22.1291666665396,-0.248446434736252,1.81982362270355,-0.433815211057663,2.53854131698608,0.637214958667755
3,0,-46.270833333,-14.6458333331782,-0.0949269533157349,-1.57077240943909,-1.18010365962982,0.610332071781158,0.551085770130157
3,0,-44.7624999996667,-19.6708333331971,-0.269356578588486,-0.139358088374138,-1.02828991413116,2.00505375862122,0.594302892684937
1,0,-47.9791666663333,-22.320833333207,-0.338709622621536,0.481780469417572,-0.390469491481781,1.20560455322266,0.80348140001297
4,0,-52.570833333,-18.0958333331911,0.378501027822495,-0.373263239860535,-0.492983967065811,1.5469274520874,0.493834733963013
2,0,-56.920833333,-17.3208333331882,0.360158860683441,-1.70905828475952,0.22354194521904,0.0571987293660641,0.920729994773865
4,0,-49.845833333,-17.0458333331872,0.604438006877899,-1.24985897541046,-0.88838142156601,0.899130702018738,0.483154743909836
1,0,-46.570833333,-17.5374999998557,-0.0145867401733994,-1.31732320785522,-0.920448124408722,1.37085962295532,0.88773238658905
1,0,-45.4374999996667,-20.5791666665338,-0.491059571504593,0.0266434550285339,-0.49555441737175,1.89497983455658,0.537527322769165
3,0,-46.220833333,-13.087499999839,-0.115989312529564,-1.70919835567474,-1.41607046127319,0.0678908228874207,0.0745929852128029
3,0,-44.9874999996667,-20.9791666665353,-0.0688060745596886,0.418475687503815,-0.691432416439056,2.21457123756409,0.520695328712463
2,0,-52.545833333,-12.3291666665028,0.753191411495209,-1.99828314781189,-0.7771155834198,1.28226125240326,0.360739052295685
3,0,-51.620833333,-20.9791666665353,-0.37662199139595,-0.986943364143372,0.385347068309784,0.224352806806564,0.968866288661957
2,0,-46.8291666663333,-14.2291666665099,0.326259046792984,-2.1138174533844,-0.897704303264618,0.463110685348511,0.768882036209106
4,0,-51.020833333,-18.9541666665277,0.448805391788483,-1.00767886638641,-0.396048426628113,1.55011022090912,0.824923515319824
3,0,-53.0874999996667,-15.4124999998477,0.173099249601364,-1.32359087467194,-0.334052830934525,2.43430638313293,0.57768589258194
1,0,-45.3791666663333,-21.1791666665361,-0.431186735630035,0.270012527704239,-0.342595934867859,1.94597494602203,0.590886294841766
4,0,-46.0291666663333,-13.9624999998423,-0.00518467370420694,-1.58476901054382,-1.45890176296234,0.445150941610336,0.495918184518814
2,0,-43.0874999996667,-17.1041666665207,-0.91824746131897,-0.630837380886078,-1.45024287700653,0.792349934577942,0.78315144777298
2,0,-43.670833333,-15.2041666665136,-0.949925541877747,-2.46433281898499,-1.16169822216034,-0.121738374233246,0.66037529706955
1,0,-53.0791666663333,-20.7124999998676,0.272500157356262,-0.557020604610443,0.424028337001801,0.620453655719757,0.932220280170441
2,0,-52.4124999996667,-20.3708333331997,0.128399476408958,-0.800629019737244,0.304400950670242,0.746451079845428,0.921328723430634
4,0,-55.120833333,-15.1874999998469,0.528588473796844,-0.364588707685471,-0.6077561378479,2.2981812953949,1.02801561355591
4,0,-44.2374999996667,-16.9708333331869,-0.586944758892059,-0.780245363712311,-1.07744204998016,1.34213054180145,0.686523854732513
1,0,-51.3624999996667,-18.9624999998611,0.537352025508881,-0.834464251995087,-0.34724822640419,1.67239224910736,0.941202461719513
4,0,-47.920833333,-14.7124999998451,-0.018704928457737,-0.535305976867676,-1.34361672401428,0.922570407390594,0.565380096435547
1,0,-48.845833333,-15.8874999998495,0.334768176078796,-0.364598751068115,-1.27037930488586,0.671262621879578,0.595889449119568
1,0,-52.7374999996667,-12.2458333331691,0.757903277873993,-2.03810501098633,-0.689956724643707,1.39959347248077,0.317957788705826
3,0,-49.0374999996667,-22.4291666665408,-0.431735008955002,-0.185528337955475,-0.0584537833929062,0.591850519180298,0.825649857521057
1,0,-55.9041666663333,-18.779166666527,0.552024483680725,-1.46255075931549,0.658985495567322,0.676889300346375,0.897723019123077
2,0,-54.0541666663333,-17.2374999998546,0.234151318669319,-0.642178297042847,-0.301257193088531,1.65842032432556,0.502888739109039
4,0,-46.9041666663333,-14.5458333331778,0.141360908746719,-2.00549268722534,-0.884151220321655,0.459020674228668,0.748046398162842
4,0,-49.6541666663333,-21.612499999871,-0.394684046506882,-0.409086287021637,0.259575694799423,0.846664845943451,0.869259774684906
3,0,-56.845833333,-18.1958333331915,0.519954442977905,-1.58846819400787,0.299357444047928,-0.0441300980746746,1.22061777114868
4,0,-52.9041666663333,-18.8958333331941,0.306776314973831,-0.352486819028854,-0.342894077301025,1.13966453075409,0.564418017864227
1,0,-48.9874999996667,-14.345833333177,0.586281955242157,-1.71934151649475,-1.00582134723663,0.512289106845856,0.698994159698486
1,0,-42.0874999996667,-20.0791666665319,-0.89585155248642,1.74426925182343,-0.922427952289581,1.43775737285614,0.567063510417938
4,0,-48.0124999996667,-16.379166666518,-0.0191291030496359,-0.548646569252014,-1.31498301029205,1.06403803825378,0.333128809928894
2,0,-43.195833333,-16.6874999998525,-0.937065601348877,-1.17462575435638,-1.36209809780121,0.855208933353424,0.715358257293701
4,0,-49.5791666663333,-15.2208333331803,0.48712494969368,-1.37754964828491,-0.898449003696442,0.715777993202209,0.575056314468384
1,0,-40.945833333,-21.1374999998692,-0.0794651135802269,-0.502860844135284,0.13563360273838,-1.19142532348633,1.17264032363892
2,0,-47.2374999996667,-18.8958333331941,0.239124551415443,0.0802163779735565,-1.34818160533905,1.83624422550201,0.823548495769501
1,0,-46.6374999996667,-20.7374999998677,-0.159122422337532,0.182761833071709,-0.545565068721771,1.87406075000763,0.776283979415894
1,0,-52.620833333,-16.9208333331867,0.3995061814785,-0.851957559585571,-0.451724469661713,1.76992154121399,0.551333963871002
2,0,-46.1874999996667,-19.3124999998624,-0.177677422761917,0.533671259880066,-1.07822513580322,2.00890111923218,0.777044713497162
1,0,-42.5874999996667,-18.845833333194,-0.440686851739883,0.605109989643097,-0.930561542510986,1.50810396671295,0.571430802345276
1,0,-53.5124999996667,-16.4208333331848,0.233651086688042,-1.04738008975983,-0.312721937894821,2.03663444519043,0.552466690540314
1,0,-51.9041666663333,-17.9374999998572,0.203418374061584,-0.381710648536682,-0.729740798473358,1.13917708396912,0.292627215385437
2,0,-47.220833333,-16.4041666665181,-0.385455936193466,-0.545422255992889,-1.28435492515564,1.16482758522034,0.209317326545715
2,0,-51.3374999996667,-16.4874999998518,0.471635222434998,-1.34720826148987,-0.676603615283966,0.966061234474182,0.421830117702484
4,0,-55.595833333,-19.029166666528,0.536906480789185,-1.46042668819427,0.633589863777161,0.450128346681595,0.613712966442108
4,0,-41.270833333,-19.9874999998649,-0.427787125110626,0.617439806461334,-0.337223023176193,0.499444842338562,0.823727965354919
3,0,-41.9041666663333,-21.9291666665389,-0.496511250734329,1.36579978466034,-0.45088392496109,0.401008903980255,0.759024798870087
4,0,-57.145833333,-15.2374999998471,0.62747997045517,-1.26749420166016,-0.0423258282244205,1.02232706546783,1.26004374027252
2,0,-51.9791666663333,-15.4958333331814,0.322558671236038,-1.88474631309509,-0.442504942417145,1.14278697967529,0.376690268516541
3,0,-45.6291666663333,-11.9291666665013,-0.322791129350662,-2.12698030471802,-1.04731500148773,0.576401948928833,0.384912341833115
1,0,-42.7874999996667,-18.2791666665252,-0.565691828727722,-0.224467664957047,-0.829112887382507,1.29697775840759,0.595804572105408
4,0,-49.5791666663333,-13.3124999998398,0.819747090339661,-2.18651533126831,-0.819728434085846,0.803724765777588,0.540538907051086
2,0,-54.295833333,-16.195833333184,0.379244208335876,-1.30108594894409,-0.140363350510597,1.81760537624359,0.733559370040894
2,0,-41.195833333,-19.55416666653,-0.0873011574149132,-0.800598800182343,-0.157150983810425,0.085057370364666,0.989855647087097
2,0,-53.195833333,-21.5124999998707,0.0802789553999901,-0.480255216360092,0.656193852424622,0.224706828594208,0.93966019153595
2,0,-42.245833333,-22.7291666665419,0.0605948381125927,-0.209125488996506,0.389684081077576,-0.768946170806885,1.26728200912476
2,0,-57.2624999996667,-17.2208333331878,0.419004589319229,-1.80265820026398,0.213764756917953,0.0220405124127865,0.937813401222229
4,0,-55.6624999996667,-17.2791666665214,0.401092737913132,-1.57054150104523,0.240580543875694,0.673488557338715,0.81333339214325
3,0,-48.1624999996667,-11.8791666665011,0.621734142303467,-1.98057496547699,-0.910901427268982,0.890912055969238,0.476137608289719
4,0,-46.1791666663333,-15.0708333331798,0.284374594688416,-1.24458968639374,-1.33631181716919,1.53870749473572,0.163831233978271
4,0,-54.1541666663333,-14.6541666665115,0.854563236236572,-0.720228433609009,-0.601107478141785,2.94327473640442,0.596763253211975
3,0,-46.7791666663333,-17.6041666665226,0.080667607486248,-1.20464289188385,-0.91691929101944,1.52136552333832,0.811813533306122
2,0,-54.3041666663333,-18.7624999998603,0.50560188293457,-1.12186658382416,0.29198831319809,0.904478490352631,0.566814243793488
1,0,-52.3624999996667,-14.8374999998455,0.27959868311882,-1.84489011764526,-0.451756805181503,1.39069676399231,0.404819935560226
3,0,-43.295833333,-15.2958333331806,-0.939383685588837,-2.39265251159668,-1.29361665248871,-0.299948334693909,0.78513640165329
2,0,-56.3874999996667,-17.5624999998558,0.351785391569138,-1.68775737285614,0.333725780248642,0.348093867301941,0.8388791680336
4,0,-53.8541666663333,-15.7041666665155,0.182840585708618,-0.635050773620605,-0.457312792539597,2.57088017463684,0.617434322834015
1,0,-41.845833333,-19.0958333331949,-0.0112265069037676,-1.10192430019379,-0.425723552703857,0.359891474246979,0.99659526348114
2,0,-52.170833333,-18.4874999998593,0.403197199106216,-0.460081785917282,-0.503691792488098,1.38397943973541,0.59620076417923
1,0,-53.1541666663333,-21.4041666665369,0.0798688158392906,-0.442894607782364,0.565589845180511,0.223172381520271,0.965831637382507
1,0,-48.7541666663333,-16.1374999998504,0.327194064855576,-0.504422664642334,-1.22407937049866,0.625151932239532,0.60163027048111
4,0,-50.070833333,-19.6874999998638,-0.0691132396459579,-1.16962122917175,-0.270152270793915,1.38065028190613,0.980886578559875
4,0,-49.345833333,-15.3791666665143,0.469209879636765,-1.29460096359253,-0.960596442222595,0.642379581928253,0.593751490116119
4,0,-53.6791666663333,-20.8541666665348,0.427643030881882,-0.54992413520813,0.478777825832367,0.435929536819458,0.956734836101532
2,0,-47.9541666663333,-16.1624999998505,-0.113706603646278,-0.52909791469574,-1.31808507442474,1.07801127433777,0.346994251012802
4,0,-52.820833333,-20.1874999998657,0.303343117237091,-0.714822351932526,0.213702633976936,0.728475213050842,0.951316654682159
4,0,-49.8124999996667,-19.8124999998643,-0.0913007408380508,-1.23720633983612,-0.238897860050201,1.42316472530365,0.967383444309235
4,0,-50.5374999996667,-16.9791666665203,0.590847730636597,-0.931214570999146,-0.91961932182312,1.04058396816254,0.479633510112762
4,0,-47.3541666663333,-12.4791666665033,0.402920424938202,-2.3191065788269,-0.870428860187531,0.664054811000824,0.531945586204529
2,0,-57.095833333,-17.9541666665239,0.332009226083755,-1.8814469575882,0.389713227748871,-0.0306144710630178,0.873761236667633
1,0,-48.6291666663333,-16.5374999998519,0.247192427515984,-0.621307075023651,-1.2041267156601,0.764680802822113,0.536444365978241
3,0,-48.2791666663333,-15.7124999998488,-0.0310533009469509,-0.214855909347534,-1.33870482444763,0.686106026172638,0.65130215883255
4,0,-51.6041666663333,-16.6791666665191,0.38932129740715,-1.09713125228882,-0.720575094223022,1.04019165039062,0.387333393096924
2,0,-46.9374999996667,-12.0208333331683,0.587321996688843,-2.31883001327515,-0.901325166225433,0.685828566551208,0.498913437128067
3,0,-51.0874999996667,-16.1208333331837,0.642757058143616,-1.72202384471893,-0.604181289672852,0.873687386512756,0.476312279701233
3,0,-55.7624999996667,-14.8374999998455,0.658478260040283,-1.02957534790039,-0.618098974227905,0.838162422180176,1.18747234344482
4,0,-55.7541666663333,-15.762499999849,0.459909349679947,-1.50829803943634,-0.0581869818270206,0.734122931957245,0.979832530021667
1,0,-56.745833333,-16.1874999998506,0.354077816009521,-1.4197244644165,0.154897466301918,0.714618742465973,1.1632068157196
2,0,-44.2791666663333,-16.3708333331846,-0.858592629432678,-1.28665816783905,-0.973459720611572,1.34883534908295,0.813446700572968
2,0,-48.8624999996667,-18.6708333331933,-0.123827822506428,-0.706324517726898,-0.611461818218231,1.76214373111725,0.680258631706238
1,0,-48.345833333,-21.8791666665387,-0.151734843850136,-0.213818222284317,-0.192329064011574,1.33952963352203,0.91374808549881
4,0,-52.1541666663333,-13.020833333172,0.572605729103088,-2.10542798042297,-0.746654987335205,1.28387498855591,0.29185289144516
1,0,-48.870833333,-14.8291666665122,0.269526690244675,-1.03036153316498,-1.1754983663559,0.576702296733856,0.671507179737091
2,0,-54.0791666663333,-20.2124999998658,0.59374612569809,-0.562828242778778,0.243696928024292,0.613689720630646,0.812144994735718
4,0,-48.695833333,-15.920833333183,0.216572254896164,-0.353419750928879,-1.26669311523438,0.706238567829132,0.606166541576385
4,0,-46.970833333,-13.3208333331732,0.562184810638428,-2.20634937286377,-0.911645770072937,0.581254661083221,0.650610029697418
4,0,-52.5791666663333,-13.4208333331736,0.359097927808762,-2.07027649879456,-0.714122772216797,1.35840487480164,0.258320182561874
3,0,-45.2874999996667,-21.9458333332056,-0.4468614757061,0.421547204256058,-0.221310019493103,2.63865947723389,0.6726034283638
2,0,-47.1041666663333,-21.612499999871,-0.363501131534576,-0.258076936006546,-0.277035802602768,1.3781361579895,0.748186826705933
3,0,-47.7291666663333,-18.1041666665245,0.132635295391083,-0.546229362487793,-1.09721755981445,1.60956633090973,0.84496545791626
1,0,-46.345833333,-13.8124999998417,0.350930541753769,-1.93107199668884,-1.18653094768524,0.245038583874702,0.70564866065979
4,0,-46.095833333,-11.9374999998346,0.0672918781638145,-1.9575492143631,-1.01918387413025,0.914434492588043,0.28276926279068
4,0,-44.8374999996667,-21.1208333332025,0.115757986903191,0.415567338466644,-0.637314736843109,2.33769416809082,0.509320557117462
2,0,-51.770833333,-21.2208333332029,-0.475772261619568,-0.921787798404694,0.384120345115662,0.141358315944672,0.952333033084869
4,0,-54.3041666663333,-15.3374999998474,0.399305909872055,-0.671709001064301,-0.469071954488754,2.57272815704346,0.654698610305786
4,0,-48.520833333,-22.3708333332072,-0.387309283018112,0.269210934638977,-0.108856037259102,1.1198536157608,0.888541042804718
3,0,-48.1541666663333,-22.22916666654,-0.392231732606888,0.264094620943069,-0.277016371488571,1.1337274312973,0.782871186733246
3,0,-46.2624999996667,-19.5124999998631,-0.204013586044312,0.360791802406311,-0.910597920417786,1.97501802444458,0.735896170139313
1,0,-41.8541666663333,-16.5458333331853,-1.18653869628906,-1.76343607902527,-0.999950766563416,0.206951856613159,0.87051659822464
4,0,-50.9124999996667,-12.4791666665033,1.15995216369629,-2.48325133323669,-0.696108162403107,0.938180208206177,0.475784510374069
2,0,-42.920833333,-19.6208333331969,-0.286030054092407,0.358153879642487,-0.902121663093567,1.61228466033936,0.561479508876801
2,0,-42.6874999996667,-17.5374999998557,-0.859963893890381,-1.04030466079712,-1.04899394512177,0.818232715129852,0.786001622676849
1,0,-46.8374999996667,-12.995833333172,0.591798901557922,-1.95041990280151,-1.08814036846161,0.57191789150238,0.604018568992615
4,0,-54.4624999996667,-15.9624999998498,0.283664017915726,-0.699320495128632,-0.459368914365768,2.02098798751831,0.741022229194641
1,0,-49.2541666663333,-13.0458333331721,0.790203750133514,-2.22128772735596,-0.803502440452576,0.841442108154297,0.507507085800171
1,0,-47.2874999996667,-23.1708333332102,-0.203295141458511,0.726979613304138,-0.197049602866173,0.473510921001434,0.97274523973465
4,0,-41.5541666663333,-20.5208333332003,-0.841853559017181,0.696921765804291,-0.477520436048508,0.818541884422302,0.643090724945068
4,0,-44.1791666663333,-22.662499999875,-0.100164882838726,0.386801481246948,-0.17821292579174,1.54835879802704,0.873389840126038
4,0,-53.1541666663333,-14.4708333331775,0.20976659655571,-1.41519904136658,-0.580625891685486,1.64084994792938,0.27662119269371
1,0,-46.370833333,-23.3291666665442,-0.23991870880127,2.01458835601807,-0.444627225399017,0.692089200019836,1.02112925052643
3,0,-51.2041666663333,-16.6791666665191,0.558666467666626,-1.35554039478302,-0.684815943241119,0.952191293239594,0.451932013034821
4,0,-52.4374999996667,-18.7958333331938,0.27458867430687,-0.303198337554932,-0.42472779750824,1.30300307273865,0.548391401767731
3,0,-49.670833333,-14.9458333331793,0.358427554368973,-0.891004085540771,-1.16102027893066,0.69301426410675,0.607950985431671
4,0,-47.6124999996667,-17.7791666665233,0.215136468410492,-0.629318714141846,-1.05370306968689,1.70791923999786,0.778941035270691
4,0,-48.695833333,-19.6791666665304,0.228524476289749,-0.812483847141266,-0.420513570308685,1.59209585189819,0.598364472389221
1,0,-41.9624999996667,-16.1541666665172,-1.39718413352966,-0.721920013427734,-1.35091352462769,0.312583804130554,0.833867490291595
1,0,-44.8124999996667,-19.3374999998625,-0.476821959018707,-0.690167248249054,-0.865906059741974,1.76628494262695,0.647330343723297
1,0,-48.220833333,-13.3041666665064,0.455382823944092,-2.11240100860596,-0.901657342910767,0.723719894886017,0.562136828899384
2,0,-51.4624999996667,-12.9124999998383,0.816703855991364,-2.36193585395813,-0.672865867614746,1.04490828514099,0.383031606674194
1,0,-49.920833333,-21.4041666665369,-0.427780121564865,-0.589168310165405,0.124129578471184,0.900383174419403,0.870458245277405
4,0,-55.195833333,-15.3291666665141,0.450058877468109,-0.430420070886612,-0.529979705810547,2.17385172843933,1.00288534164429
1,0,-45.1791666663333,-15.7791666665158,-0.756418108940125,-2.04545783996582,-0.945224344730377,0.869927704334259,0.304491132497787
1,0,-53.9041666663333,-19.1291666665284,0.504472732543945,-0.755175709724426,0.0234513692557812,0.751905500888824,0.596983134746552
2,0,-49.1291666663333,-16.3624999998513,0.558382153511047,-0.811757564544678,-1.15023100376129,0.699127435684204,0.545491456985474
1,0,-45.645833333,-15.2208333331803,0.150353342294693,-1.44404900074005,-1.34897482395172,1.65471339225769,0.0200416799634695
3,0,-55.0374999996667,-18.0124999998575,0.474613070487976,-1.51027607917786,0.425534605979919,0.975111901760101,0.671891510486603
4,0,-50.3791666663333,-19.6708333331971,-0.0723237544298172,-1.00934827327728,-0.274879574775696,1.38302111625671,0.954217195510864
4,0,-52.8374999996667,-16.9708333331869,0.424612641334534,-1.06989443302155,-0.351735800504684,1.64617943763733,0.542763292789459
3,0,-52.3291666663333,-20.0291666665317,0.303617060184479,-0.863500833511353,0.227556735277176,1.04829835891724,0.897560596466064
1,0,-51.8541666663333,-19.5458333331966,0.316397607326508,-0.497730612754822,-0.251537442207336,1.44502747058868,0.886589705944061
1,0,-47.8041666663333,-11.9124999998345,0.509262561798096,-2.14873600006104,-0.868679225444794,0.741956233978271,0.5148606300354
2,0,-56.0041666663333,-15.4708333331813,0.579970598220825,-1.3058180809021,-0.045036893337965,0.816286742687225,1.30651962757111
3,0,-53.5291666663333,-17.7874999998566,0.234592258930206,-0.276051074266434,-0.447062253952026,1.4958678483963,0.496750742197037
2,0,-43.2791666663333,-17.1708333331877,-1.02271139621735,0.0734651163220406,-1.81601619720459,1.01000070571899,0.730598092079163
2,0,-54.4791666663333,-13.795833333175,0.637621879577637,-1.08534634113312,-0.852040827274323,2.19657182693481,0.752911686897278
1,0,-43.7291666663333,-19.2458333331955,-0.411821663379669,-0.458785682916641,-0.934025049209595,1.77585542201996,0.579070389270782
4,0,-56.5791666663333,-18.7624999998603,0.428564995527267,-1.65199208259583,0.672349989414215,0.328612178564072,1.02206885814667
4,0,-50.295833333,-16.5291666665186,0.624655604362488,-1.13253021240234,-0.896901786327362,0.910679042339325,0.49573689699173
4,0,-48.170833333,-20.7041666665343,0.191980361938477,-0.870148003101349,-0.56053102016449,1.5416464805603,0.823713660240173
3,0,-51.245833333,-21.2208333332029,-0.511722147464752,-0.782934844493866,0.258111238479614,0.420250713825226,0.907539486885071
2,0,-47.045833333,-14.7374999998452,0.164041548967361,-1.94237160682678,-0.874907791614532,0.469984591007233,0.732720077037811
2,0,-51.695833333,-20.2458333331992,0.0576558373868465,-0.849403202533722,0.185926884412766,1.0059757232666,0.868787825107574
4,0,-46.9124999996667,-14.5291666665111,0.156457766890526,-1.98729681968689,-0.896708130836487,0.480859369039536,0.752817511558533
1,0,-47.2624999996667,-13.6958333331746,0.57602322101593,-1.6689248085022,-1.14843988418579,0.697093904018402,0.681353032588959
2,0,-50.5541666663333,-17.979166666524,0.492592096328735,-1.09322381019592,-0.805479764938354,1.02331507205963,0.456412523984909
3,0,-46.345833333,-21.0874999998691,-0.39999070763588,0.888595163822174,-0.678454399108887,1.8596887588501,0.671773970127106
4,0,-47.1874999996667,-12.037499999835,0.500304460525513,-2.33382844924927,-0.848657429218292,0.683699309825897,0.500974297523499
3,0,-51.4041666663333,-15.854166666516,0.52579003572464,-1.84940719604492,-0.501410186290741,0.979112923145294,0.456454426050186
3,0,-54.845833333,-14.2458333331767,0.689838409423828,-1.24368226528168,-0.699097037315369,2.03921699523926,0.77899581193924
1,0,-43.070833333,-16.2624999998509,-1.31279075145721,-1.04597914218903,-1.46052587032318,0.79371976852417,0.636682629585266
4,0,-52.670833333,-20.5958333332005,0.142717242240906,-0.769635498523712,0.371631443500519,0.596030056476593,0.951721251010895
4,0,-48.820833333,-21.0041666665354,-0.00607218826189637,-0.815635979175568,-0.434422761201859,1.27420842647552,0.881686151027679
3,0,-49.0791666663333,-19.3541666665292,0.059274710714817,-0.977575957775116,-0.395625442266464,1.54599523544312,0.591863214969635
2,0,-56.4374999996667,-14.2874999998435,1.22045004367828,-1.12360620498657,-0.85027801990509,1.7692574262619,0.95862090587616
3,0,-50.0041666663333,-21.1124999998692,-0.40355372428894,-0.893600523471832,0.0313155427575111,0.902566194534302,0.899447381496429
2,0,-49.3874999996667,-15.9958333331832,0.619375348091125,-1.02089285850525,-1.03320360183716,0.754646062850952,0.516657054424286
3,0,-47.9124999996667,-13.5208333331739,0.493907690048218,-1.61449205875397,-1.1384733915329,0.775535762310028,0.614020586013794
2,0,-54.145833333,-16.6458333331857,0.336448431015015,-1.11190938949585,-0.22274175286293,1.63126623630524,0.694640696048737
1,0,-56.4291666663333,-17.6374999998561,0.348710298538208,-1.67950332164764,0.363677114248276,0.315336734056473,0.819702208042145
4,0,-45.920833333,-23.12083333321,-0.264862358570099,0.933899462223053,-0.232267141342163,0.665826976299286,1.03196287155151
4,0,-43.0041666663333,-18.5541666665262,-0.476736813783646,0.335155129432678,-0.868441224098206,1.59157001972198,0.551900088787079
4,0,-43.7791666663333,-16.9124999998534,-0.613284170627594,-1.18660354614258,-1.29528248310089,1.05588030815125,0.701946496963501
2,0,-48.1791666663333,-15.1874999998469,0.11039874702692,-1.08767318725586,-1.09395718574524,0.575045764446259,0.647503912448883
4,0,-48.4541666663333,-21.2041666665362,-0.130022585391998,-0.339007556438446,-0.608909070491791,1.24799335002899,0.929587602615356
1,0,-43.7374999996667,-18.6291666665265,-0.535513341426849,0.154905527830124,-1.1400318145752,1.65888893604279,0.691223204135895
2,0,-44.120833333,-18.504166666526,-0.75749260187149,-0.740869522094727,-1.09044206142426,1.21734488010406,0.731456339359283
1,0,-50.195833333,-20.4541666665333,-0.271512418985367,-0.88534027338028,-0.0972386747598648,1.00464308261871,0.955424666404724
2,0,-42.7374999996667,-15.4291666665144,-1.28068280220032,-0.801534950733185,-1.66127598285675,0.486517071723938,0.853756725788116
2,0,-42.7624999996667,-20.6624999998675,-0.828948795795441,0.317659914493561,-0.484074801206589,1.29631996154785,0.591869950294495
3,0,-53.1874999996667,-13.3708333331734,0.344737321138382,-1.66924655437469,-0.718821942806244,1.53674411773682,0.269850373268127
1,0,-46.870833333,-21.2208333332029,-0.310116112232208,0.637442946434021,-0.703613519668579,1.68047916889191,0.774549007415771
2,0,-44.7541666663333,-22.3708333332072,-0.593074917793274,2.88837075233459,-0.607697248458862,3.34881591796875,0.481549829244614
1,0,-45.1291666663333,-17.3041666665215,-0.82752251625061,-1.2718049287796,-0.927727878093719,1.29038035869598,0.70738685131073
2,0,-42.9874999996667,-19.7458333331973,-0.281681507825851,-0.292001068592072,-0.713714122772217,1.42633104324341,0.615308940410614
1,0,-49.295833333,-18.0124999998575,0.02458805590868,-0.822186648845673,-0.998839795589447,1.06433212757111,0.376022636890411
1,0,-50.4541666663333,-15.4624999998479,0.658981442451477,-1.29515397548676,-0.921811103820801,0.783416867256165,0.560755372047424
3,0,-52.7874999996667,-15.6874999998487,-0.0850980505347252,-1.53891837596893,-0.470356404781342,1.60182893276215,0.142461329698563
4,0,-51.145833333,-15.6291666665152,0.640752732753754,-1.82582473754883,-0.60247129201889,0.893396556377411,0.498613297939301
1,0,-46.2874999996667,-21.7874999998717,-0.059385571628809,0.731958389282227,-0.510141909122467,1.96402502059937,0.618404030799866
1,0,-55.9124999996667,-19.4458333331962,0.536806285381317,-1.35179650783539,0.670505881309509,0.472271651029587,0.976153552532196
4,0,-48.820833333,-22.3624999998739,-0.41284516453743,-0.0981887727975845,-0.118237189948559,0.656018972396851,0.839641273021698
3,0,-49.2374999996667,-19.9624999998648,0.217730492353439,-1.3385272026062,-0.241026997566223,1.42557871341705,0.875366389751434
1,0,-47.0041666663333,-19.5374999998632,0.27468803524971,0.303185492753983,-1.09125053882599,1.99732863903046,0.580206871032715
3,0,-48.5374999996667,-21.6541666665379,-0.20708279311657,-0.239680826663971,-0.410963118076324,1.20160102844238,0.841466188430786
4,0,-54.2124999996667,-13.9541666665089,0.599160254001617,-1.07943737506866,-0.696068227291107,2.38368248939514,0.720383286476135
4,0,-52.445833333,-20.5124999998669,0.137763664126396,-0.922024667263031,0.446385592222214,0.716960906982422,0.906239032745361
4,0,-53.770833333,-17.6791666665229,0.426439583301544,-0.828254342079163,-0.24437814950943,1.28389930725098,0.579247832298279
2,0,-45.2541666663333,-19.5374999998632,-0.47416827082634,-0.813222289085388,-0.611569881439209,1.83516931533813,0.669376909732819
2,0,-44.3541666663333,-21.520833333204,-0.280704766511917,0.429852485656738,-0.707271099090576,1.92470908164978,0.64501690864563
4,0,-43.170833333,-20.5708333332004,-0.533313930034637,0.202528849244118,-0.671039223670959,1.36527836322784,0.720076143741608
4,0,-42.4791666663333,-15.9458333331831,-1.33771026134491,-0.707577168941498,-1.39727735519409,0.717587411403656,0.753977358341217
2,0,-44.8874999996667,-17.4624999998554,-0.851266920566559,-1.37722778320312,-0.965669512748718,1.03099548816681,0.742441117763519
2,0,-49.2291666663333,-21.1124999998692,-0.284071564674377,-0.96349161863327,-0.195729538798332,0.966858088970184,0.847718238830566
3,0,-44.2041666663333,-21.5291666665374,-0.317536681890488,0.62371689081192,-0.828403234481812,1.84641253948212,0.678947925567627
2,0,-49.9791666663333,-12.3374999998361,1.02948999404907,-2.3222222328186,-0.881393432617188,0.818578064441681,0.552063047885895
3,0,-47.0541666663333,-14.8208333331788,0.115350060164928,-1.89759731292725,-0.87339323759079,0.471721172332764,0.709669709205627
4,0,-46.8874999996667,-16.2374999998508,-0.332206964492798,-1.23143255710602,-1.06328511238098,0.933121144771576,0.332153826951981
4,0,-44.7791666663333,-20.9124999998684,0.156988129019737,0.4721400141716,-0.799521267414093,2.54980158805847,0.439018368721008
2,0,-48.3041666663333,-18.1541666665247,0.133496299386024,-0.776856482028961,-0.8829425573349,1.62559044361115,0.839964032173157
3,0,-55.8374999996667,-19.8624999998645,0.552827775478363,-1.12434208393097,0.736017882823944,0.534212052822113,1.01824748516083
3,0,-54.4624999996667,-20.8458333332015,0.622345626354218,-0.350743263959885,0.487830311059952,0.449507087469101,0.925082802772522
1,0,-51.245833333,-12.4208333331698,1.12604558467865,-2.45843648910522,-0.699563443660736,0.968862414360046,0.464926511049271
4,0,-52.4041666663333,-20.0041666665317,0.280939310789108,-0.7748162150383,0.17327643930912,0.938689231872559,0.848930478096008
2,0,-48.7374999996667,-12.1541666665021,0.851888358592987,-2.11988687515259,-0.853568851947784,0.965384125709534,0.446769177913666
3,0,-49.1541666663333,-15.5708333331816,0.462817013263702,-1.02233064174652,-1.07516396045685,0.620139002799988,0.583643138408661
2,0,-43.570833333,-19.1374999998617,-0.294492244720459,1.19660890102386,-1.23221218585968,2.07956337928772,0.589912533760071
4,0,-50.2374999996667,-18.2541666665251,0.546698868274689,-1.19121980667114,-0.534227073192596,1.46695113182068,0.861406326293945
2,0,-40.5874999996667,-19.6958333331972,0.271678864955902,-0.203656136989594,0.0679330751299858,-0.473920971155167,1.03440308570862
4,0,-51.970833333,-14.2208333331766,0.408019125461578,-1.96337342262268,-0.608923971652985,1.06649279594421,0.564323663711548
4,0,-48.145833333,-16.6958333331859,-0.0054886438883841,-0.577411234378815,-1.27741658687592,0.99829226732254,0.342622637748718
3,0,-47.1374999996667,-12.4791666665033,0.597945690155029,-2.38967323303223,-0.835592269897461,0.6649369597435,0.546402990818024
1,0,-43.3291666663333,-19.4458333331962,-0.217436254024506,0.136076062917709,-0.854985356330872,1.90613400936127,0.476150780916214
3,0,-49.1791666663333,-16.1874999998506,0.517924606800079,-0.422188252210617,-1.27162742614746,0.642526030540466,0.611415326595306
2,0,-48.9624999996667,-14.1708333331764,0.44010403752327,-1.37329733371735,-1.06930267810822,0.706826567649841,0.610315144062042
2,0,-48.845833333,-20.9208333332018,-0.0200014412403107,-0.908340036869049,-0.394158840179443,1.31719529628754,0.856602489948273
1,0,-55.070833333,-16.1124999998503,0.29928731918335,-0.758836984634399,-0.290079414844513,1.64189910888672,0.679068744182587
4,0,-46.620833333,-13.7874999998416,0.377072274684906,-2.23490786552429,-0.889846324920654,0.41362065076828,0.732831239700317
4,0,-51.3291666663333,-18.6458333331932,0.54034286737442,-0.834762454032898,-0.486947268247604,1.47971677780151,0.862194240093231
4,0,-56.7124999996667,-15.6541666665153,0.280438333749771,-1.02335393428802,-0.0171413961797953,0.681428492069244,1.25409924983978
4,0,-48.3374999996667,-19.2791666665289,0.311702907085419,-0.532740712165833,-0.708412647247314,1.75981032848358,0.862512409687042
4,0,-45.395833333,-19.1124999998616,-0.277088850736618,-0.84467875957489,-0.704494416713715,1.72980630397797,0.760170698165894
1,0,-46.9624999996667,-12.7791666665045,0.583890199661255,-1.80424225330353,-1.22894251346588,0.561202824115753,0.588673532009125
4,0,-55.245833333,-18.7458333331936,0.533678472042084,-1.42883205413818,0.587125420570374,0.658516883850098,0.601249575614929
2,0,-43.3374999996667,-19.8458333331977,-0.167328000068665,0.0426333881914616,-0.837896049022675,1.65129113197327,0.603251039981842
1,0,-46.770833333,-22.5374999998745,-0.359709292650223,0.62242978811264,-0.332235932350159,1.17922592163086,0.958052277565002
2,0,-46.0374999996667,-15.0624999998464,0.530628681182861,-1.19108760356903,-1.40797233581543,1.91825139522552,-0.00751852476969361
4,0,-48.2624999996667,-19.2624999998622,0.324270278215408,-0.461548268795013,-0.802396774291992,1.74636077880859,0.871038198471069
2,0,-54.3624999996667,-16.4874999998518,0.361480593681335,-1.30147230625153,-0.0815712586045265,1.66395461559296,0.71831887960434
2,0,-45.8624999996667,-21.3624999998701,-0.334597617387772,0.257624059915543,-0.193455055356026,1.88371419906616,0.546642780303955
3,0,-52.2541666663333,-13.9041666665087,0.283937394618988,-1.83331632614136,-0.646834671497345,1.26278221607208,0.418710649013519
2,0,-49.5124999996667,-20.7624999998678,-0.241033971309662,-0.839407563209534,-0.272501140832901,1.21656394004822,0.929625749588013
3,0,-48.0541666663333,-21.2791666665364,-0.00282941991463304,-0.471471726894379,-0.360482275485992,1.39156591892242,0.804089307785034
3,0,-47.4791666663333,-17.2458333331879,-0.12508137524128,-0.508644998073578,-1.29540586471558,1.30110490322113,0.0876481831073761
4,0,-54.4791666663333,-18.68749999986,0.556241154670715,-1.08168745040894,0.281771957874298,0.847091913223267,0.604801774024963
1,0,-46.5374999996667,-21.6708333332046,-0.207227930426598,0.576623380184174,-0.549264550209045,1.78134000301361,0.706170916557312
3,0,-49.0791666663333,-17.7458333331898,0.0468600913882256,-0.896130561828613,-1.0525711774826,1.02835309505463,0.37968510389328
1,0,-44.7291666663333,-15.9374999998497,-0.886606693267822,-2.0383026599884,-0.884636580944061,0.694088041782379,0.432258784770966
3,0,-53.8624999996667,-13.6874999998412,0.640023827552795,-1.52917385101318,-0.480412214994431,2.23134684562683,0.727953553199768
3,0,-49.1374999996667,-21.33749999987,-0.336282312870026,-0.708016693592072,-0.175475314259529,0.976105451583862,0.840049803256989
1,0,-48.045833333,-18.3791666665255,0.203183472156525,-0.78398197889328,-1.02228713035583,1.55247449874878,0.883399128913879
4,0,-50.7124999996667,-18.2208333331916,0.503849387168884,-0.544344365596771,-0.800179779529572,1.5055114030838,0.887202084064484
1,0,-50.6124999996667,-17.4624999998554,0.600197315216064,-0.98853462934494,-0.876913368701935,1.0599125623703,0.486053466796875
3,0,-49.1041666663333,-11.7958333331674,0.923643708229065,-2.00200510025024,-0.893150985240936,0.987635254859924,0.504791498184204
2,0,-43.220833333,-20.7041666665343,-0.503781020641327,0.308021932840347,-0.654696226119995,1.36748576164246,0.718529343605042
4,0,-45.9624999996667,-12.6624999998374,-0.00917103886604309,-2.11230897903442,-1.3534699678421,-0.0144572947174311,-0.00184352090582252
1,0,-54.4791666663333,-16.470833333185,0.400627493858337,-1.30862402915955,-0.0848461613059044,1.56651568412781,0.752658367156982
1,0,-48.9291666663333,-14.2874999998435,0.555095076560974,-1.68275487422943,-0.977722406387329,0.589054703712463,0.668724000453949
3,0,-48.7374999996667,-18.6208333331931,-0.0508681125938892,-0.578955292701721,-0.743607103824615,1.73767948150635,0.697525203227997
1,0,-51.845833333,-20.7791666665346,-0.192402184009552,-0.862935125827789,0.400463372468948,0.462503343820572,0.921182096004486
3,0,-51.995833333,-16.7541666665194,0.27281466126442,-0.966813862323761,-0.678745627403259,1.22532844543457,0.300969004631042
4,0,-44.270833333,-15.14583333318,-0.887701749801636,-1.82114338874817,-1.52809476852417,0.299692749977112,0.448352128267288
4,0,-56.3541666663333,-14.6624999998449,0.792923629283905,-1.03441691398621,-0.627699136734009,0.969680845737457,1.16770768165588
3,0,-44.9874999996667,-21.704166666538,-0.142848163843155,0.429086208343506,-0.566984295845032,2.45317339897156,0.78875470161438
4,0,-51.2874999996667,-16.3708333331846,0.555038332939148,-1.34215652942657,-0.73164039850235,0.932569742202759,0.473619312047958
4,0,-48.5624999996667,-12.0541666665017,0.899544417858124,-2.1063129901886,-0.890449345111847,0.955580592155457,0.447147458791733
3,0,-48.5124999996667,-19.7541666665307,0.365802258253098,-0.646344780921936,-0.418231099843979,1.75260877609253,0.852748155593872
3,0,-52.8624999996667,-20.5791666665338,0.232356667518616,-0.887616395950317,0.453403264284134,0.559117376804352,0.951067745685577
4,0,-55.845833333,-15.3624999998475,0.522123217582703,-0.907462060451508,-0.305689007043839,1.02060329914093,1.29769122600555
2,0,-44.820833333,-21.7458333332049,-0.219675734639168,0.482666671276093,-0.472846984863281,2.55578374862671,0.749662756919861
3,0,-44.1541666663333,-16.720833333186,-0.58971905708313,-1.0184063911438,-1.13892495632172,1.42828047275543,0.621870756149292
1,0,-43.495833333,-17.3208333331882,-0.856574892997742,-0.768316447734833,-1.4501428604126,0.845478296279907,0.783890545368195
2,0,-47.4374999996667,-19.0374999998613,0.236421704292297,-0.00634149229153991,-1.27915728092194,1.85004496574402,0.82160758972168
1,0,-43.5624999996667,-17.8291666665235,-0.646903395652771,-0.761719226837158,-1.01329517364502,0.863650321960449,0.881027400493622
3,0,-50.9041666663333,-14.2458333331767,0.731597006320953,-2.16344881057739,-0.659441769123077,0.930196821689606,0.539895296096802
2,0,-47.9124999996667,-11.945833333168,0.534687280654907,-2.08318758010864,-0.906891822814941,0.779646098613739,0.515553593635559
2,0,-49.7124999996667,-17.270833333188,0.507095754146576,-1.23531424999237,-0.854579448699951,0.94292277097702,0.460678249597549
3,0,-41.1124999996667,-21.8708333332053,0.131808176636696,-0.521696507930756,0.28609174489975,-1.30779445171356,1.28498566150665
2,0,-49.745833333,-13.729166666508,0.719514667987823,-2.17493891716003,-0.749639749526978,0.791528522968292,0.563160121440887
3,0,-51.8374999996667,-18.8541666665273,0.508667409420013,-0.555664598941803,-0.354570031166077,1.63131177425385,0.914050936698914
2,0,-50.0291666663333,-19.4458333331962,0.0774609670042992,-1.03423953056335,-0.414210289716721,1.35009181499481,0.905161499977112
2,0,-51.5374999996667,-13.7374999998414,0.621808350086212,-2.19796538352966,-0.627119958400726,1.03705215454102,0.448991596698761
1,0,-44.745833333,-17.3124999998549,-0.933586776256561,-1.76293671131134,-0.785273671150208,1.03845524787903,0.751915037631989
2,0,-56.345833333,-14.7208333331784,0.708244502544403,-1.21731185913086,-0.367548048496246,0.692283630371094,1.21481990814209
1,0,-53.6874999996667,-21.2624999998697,0.343845635652542,-0.486604481935501,0.655889689922333,0.293164372444153,0.923396944999695
1,0,-46.3374999996667,-14.4874999998442,0.00571476062759757,-1.65408599376678,-1.14288997650146,0.450614303350449,0.675220370292664
2,0,-54.0291666663333,-18.8124999998605,0.495584070682526,-0.896399259567261,0.133744746446609,1.00613129138947,0.528826355934143
2,0,-47.745833333,-19.1374999998617,0.293049812316895,-0.179090395569801,-1.15301847457886,1.7984893321991,0.873847365379333
3,0,-44.720833333,-20.8791666665349,0.0389660447835922,0.637300431728363,-0.925662696361542,2.44343090057373,0.457338690757751
1,0,-45.8041666663333,-13.7124999998413,-0.304420918226242,-1.8255420923233,-1.31891226768494,0.3978191614151,0.489034205675125
1,0,-50.5291666663333,-16.629166666519,0.705017387866974,-1.37729227542877,-0.810762286186218,0.818140089511871,0.521763861179352
3,0,-50.9124999996667,-18.8708333331941,0.465580731630325,-1.05434274673462,-0.438710987567902,1.46737945079803,0.875297367572784
3,0,-44.2374999996667,-22.0958333332062,-0.497311621904373,1.59376668930054,-0.792939901351929,2.11584568023682,0.6084343791008
1,0,-46.620833333,-23.0124999998763,-0.479337066411972,1.45560359954834,-0.402026265859604,0.809126555919647,0.865861535072327
3,0,-54.6874999996667,-19.8791666665312,0.710244119167328,-0.909805238246918,0.389761447906494,0.604230940341949,0.822724878787994
3,0,-47.2124999996667,-16.629166666519,-0.334688395261765,-0.698561072349548,-1.23483979701996,1.18175828456879,0.161529138684273
4,0,-42.220833333,-22.0208333332059,-0.236508682370186,0.0392148867249489,-0.133242547512054,0.569478034973145,0.768996596336365
3,0,-47.7041666663333,-20.8791666665349,0.167550414800644,0.183537602424622,-0.593767821788788,1.36942410469055,0.848310828208923
4,0,-52.8624999996667,-18.4791666665259,0.209396064281464,-0.189473628997803,-0.401694267988205,1.38912558555603,0.505305111408234
3,0,-53.6791666663333,-19.4708333331963,0.516380965709686,-0.614475548267365,0.103241518139839,1.11242198944092,0.793781459331512
2,0,-51.270833333,-20.1791666665323,-0.0413524508476257,-0.870586514472961,0.0950877144932747,1.21744620800018,0.82564914226532
2,0,-51.3374999996667,-16.6791666665191,0.50652414560318,-1.19844353199005,-0.76334947347641,0.988213717937469,0.444380789995193
1,0,-43.3874999996667,-15.4791666665146,-0.960213661193848,-2.43765616416931,-1.26529800891876,-0.277326434850693,0.755459666252136
3,0,-49.8874999996667,-16.2458333331842,0.577313244342804,-0.797979831695557,-1.08245813846588,0.843090295791626,0.515011668205261
3,0,-44.7874999996667,-16.4124999998515,-0.945594131946564,-1.77698230743408,-0.733472287654877,1.09745919704437,0.356902599334717
2,0,-49.045833333,-14.870833333179,0.410729229450226,-1.46390187740326,-0.960250020027161,0.663503050804138,0.644667088985443
4,0,-53.1291666663333,-18.0208333331909,0.215004086494446,-0.172957584261894,-0.440550208091736,1.55612826347351,0.443548172712326
3,0,-51.870833333,-13.0124999998387,0.593429327011108,-2.13251209259033,-0.76681262254715,1.15924835205078,0.312650829553604
1,0,-46.6874999996667,-12.379166666503,0.715813219547272,-2.42726111412048,-0.878773808479309,0.654848277568817,0.474435359239578
2,0,-47.9791666663333,-21.429166666537,-0.0929750800132751,-0.138627916574478,-0.410435229539871,1.30861306190491,0.812285542488098
4,0,-53.695833333,-18.4458333331925,0.518800735473633,-1.13795709609985,0.0698654651641846,1.05868804454803,0.558284163475037
3,0,-46.095833333,-21.5708333332042,-0.227920576930046,0.397271722555161,-0.253987848758698,1.9455326795578,0.53260600566864
3,0,-46.420833333,-23.2458333332105,-0.434460908174515,1.96189773082733,-0.622013330459595,0.832951009273529,0.925848960876465
1,0,-52.645833333,-12.6208333331705,0.62465238571167,-2.0082094669342,-0.778190791606903,1.2978903055191,0.313982754945755
3,0,-43.0291666663333,-20.195833333199,-0.460808724164963,0.0173111259937286,-0.692574620246887,1.42400991916656,0.670938611030579
4,0,-49.2791666663333,-13.8708333331752,0.604699313640594,-1.77254676818848,-0.918909072875977,0.74715530872345,0.598794341087341
4,0,-51.270833333,-15.9041666665162,0.585293591022491,-1.70845329761505,-0.544940173625946,0.978647470474243,0.463071644306183
4,0,-43.5124999996667,-16.1874999998506,-0.917801558971405,-1.88032078742981,-1.17915880680084,0.74550998210907,0.744675576686859
4,0,-50.1791666663333,-16.2541666665175,0.599181532859802,-0.934858977794647,-1.03348684310913,0.863071739673615,0.509387493133545
4,0,-44.1874999996667,-16.4624999998517,-0.918438374996185,-1.19599831104279,-1.10752439498901,1.28938853740692,0.832116067409515
4,0,-49.6374999996667,-16.3124999998511,0.601791977882385,-0.767285168170929,-1.15303552150726,0.736184418201447,0.54499626159668
2,0,-47.220833333,-22.8541666665424,-0.202325761318207,0.356085747480392,-0.284073799848557,0.769603729248047,0.926359295845032
3,0,-53.2291666663333,-19.0624999998614,0.458518773317337,-0.520647168159485,-0.0672691985964775,1.32006549835205,0.817752242088318
2,0,-56.145833333,-15.4124999998477,0.491462081670761,-1.19741988182068,0.0517520979046822,0.673068106174469,1.28490829467773
3,0,-46.5791666663333,-14.3541666665104,0.21017287671566,-2.05913400650024,-0.970811903476715,0.351673990488052,0.793944418430328
1,0,-44.2541666663333,-17.8041666665234,-0.839565753936768,-0.0714553818106651,-1.48701846599579,1.09722089767456,0.815727710723877
3,0,-45.0624999996667,-18.4624999998592,-0.537883162498474,-0.750046670436859,-1.06754219532013,1.44377291202545,0.742144763469696
3,0,-42.4624999996667,-22.6958333332084,-0.0212828535586596,-0.1994449198246,0.254886865615845,-0.387960493564606,1.15211164951324
2,0,-52.645833333,-19.4291666665295,0.453734397888184,-0.79538106918335,0.00113088963553309,1.24006867408752,0.841550529003143
2,0,-48.0624999996667,-16.1208333331837,-0.110966101288795,-0.435488343238831,-1.31421220302582,0.931216359138489,0.441991448402405
4,0,-49.470833333,-18.6708333331933,0.0264520589262247,-1.33289730548859,-0.725032150745392,0.890019237995148,0.348902732133865
2,0,-44.9041666663333,-18.2124999998582,-0.703985512256622,-0.833035886287689,-1.12623500823975,1.30314159393311,0.790004074573517
2,0,-50.4541666663333,-16.0208333331833,0.735896468162537,-1.61433064937592,-0.748150944709778,0.807316422462463,0.503481209278107
2,0,-44.8874999996667,-18.7374999998602,-0.536855518817902,-1.05597412586212,-0.920874178409576,1.53522062301636,0.675552010536194
3,0,-45.4874999996667,-12.7291666665043,0.0721398591995239,-1.98837089538574,-1.20264494419098,0.545851588249207,0.467981606721878
2,0,-47.4541666663333,-13.6791666665079,0.504579722881317,-1.09814834594727,-1.32824349403381,1.04265153408051,0.562080860137939
1,0,-51.5791666663333,-16.3124999998511,0.510293304920197,-1.54790711402893,-0.6145339012146,0.931546032428741,0.443484634160995
2,0,-46.9291666663333,-14.3958333331772,0.235998719930649,-2.0494167804718,-0.859070479869843,0.490948528051376,0.752629399299622
3,0,-56.2624999996667,-18.4291666665257,0.491997718811035,-1.4704475402832,0.422085016965866,0.335548162460327,1.11117994785309
2,0,-52.7874999996667,-15.7708333331824,0.0926753282546997,-1.43200647830963,-0.310423731803894,2.13738441467285,0.557830154895782
1,0,-53.9791666663333,-18.3791666665255,0.527704060077667,-0.979512691497803,0.115405268967152,1.2590833902359,0.506575644016266
3,0,-52.7874999996667,-16.6458333331857,0.16570246219635,-1.03442358970642,-0.581810295581818,1.28851866722107,0.165641188621521
1,0,-56.2124999996667,-15.7291666665156,0.45096144080162,-1.47015702724457,0.0772073492407799,0.777545213699341,1.20806980133057
2,0,-57.070833333,-17.1458333331876,0.34012371301651,-1.756516456604,0.215217635035515,0.106440104544163,0.911369562149048
3,0,-41.020833333,-20.7874999998679,-0.346247524023056,0.5106241106987,-0.139415264129639,-0.280410617589951,0.894989013671875
2,0,-53.7124999996667,-21.4791666665372,0.246102407574654,-0.340154051780701,0.661375284194946,0.280473619699478,0.885535061359406
4,0,-46.895833333,-16.1291666665171,-0.346125692129135,-0.990724802017212,-1.18633008003235,0.916431248188019,0.335332751274109
4,0,-41.5541666663333,-21.7541666665382,-0.108177468180656,-0.802931547164917,-0.0112953931093216,-0.702256441116333,1.0845342874527
1,0,-43.9541666663333,-15.7708333331824,-0.900638937950134,-2.05158019065857,-1.26700365543365,0.31751161813736,0.586869299411774
3,0,-48.895833333,-19.1291666665284,-0.0327578820288181,-0.776459038257599,-0.445059895515442,1.67960774898529,0.619946420192719
3,0,-45.570833333,-21.9208333332055,-0.402895092964172,0.348369300365448,-0.118506155908108,2.40976572036743,0.706323683261871
3,0,-49.3874999996667,-16.3874999998514,0.58706796169281,-0.870241343975067,-1.07968378067017,0.752022445201874,0.517041742801666
4,0,-50.4624999996667,-18.8041666665271,0.521133244037628,-1.10424304008484,-0.548486173152924,1.3243145942688,0.988841891288757
2,0,-51.245833333,-18.2958333331919,0.573835730552673,-0.783384144306183,-0.59607195854187,1.4413104057312,0.819417119026184
3,0,-46.4291666663333,-15.8791666665161,-0.360059529542923,-0.821568131446838,-1.23316526412964,1.20821332931519,0.355522811412811
4,0,-46.320833333,-21.1374999998692,-0.389541864395142,0.779478490352631,-0.587599635124207,1.88026869297028,0.713802397251129
4,0,-41.0041666663333,-21.2291666665363,-0.173985317349434,-0.476676225662231,0.0758175104856491,-1.29202342033386,1.20265328884125
1,0,-51.9124999996667,-16.2708333331843,0.406295210123062,-1.67048954963684,-0.504700362682343,0.99244236946106,0.371209770441055
2,0,-47.895833333,-11.2291666664986,0.568255662918091,-2.06281900405884,-0.766368687152863,0.774011135101318,0.538784384727478
1,0,-48.5291666663333,-12.1708333331689,0.775407671928406,-2.1919801235199,-0.83164381980896,0.935073494911194,0.424748778343201
2,0,-50.520833333,-19.7624999998641,-0.0644864141941071,-1.09911930561066,-0.213410705327988,1.32454466819763,0.951927781105042
2,0,-48.595833333,-21.429166666537,-0.0777772217988968,-0.649613857269287,-0.358350157737732,1.25511813163757,0.854556500911713
2,0,-54.9624999996667,-15.2041666665136,0.387673020362854,-0.407744348049164,-0.737167418003082,2.16153693199158,0.754759132862091
3,0,-52.0791666663333,-15.8041666665159,0.345661818981171,-1.77329075336456,-0.420719742774963,1.10575342178345,0.3390973508358
2,0,-45.520833333,-14.1208333331762,-0.497821629047394,-1.92918860912323,-1.33641123771667,0.403053522109985,0.466613680124283
4,0,-48.645833333,-19.6374999998636,0.328239142894745,-0.642204999923706,-0.453248888254166,1.77312004566193,0.850254535675049
3,0,-52.6041666663333,-14.3541666665104,0.214429333806038,-1.73093330860138,-0.545701444149017,1.3706169128418,0.409776031970978
2,0,-41.1624999996667,-21.9458333332056,0.110489286482334,-0.481823235750198,0.226931035518646,-1.42310976982117,1.29827201366425
2,0,-48.2041666663333,-11.6874999998337,0.695369601249695,-2.01295852661133,-0.877020955085754,0.846087515354156,0.50083339214325
2,0,-51.445833333,-15.9708333331831,0.553242564201355,-1.73887014389038,-0.535631895065308,0.968086540699005,0.465097874403
4,0,-46.220833333,-15.8124999998492,-0.335910141468048,-1.63837289810181,-0.91302478313446,0.852035880088806,0.503677725791931
1,0,-51.6041666663333,-16.995833333187,0.405091136693954,-0.847273051738739,-0.834654152393341,1.08051204681396,0.407343477010727
4,0,-54.570833333,-18.6208333331931,0.553677141666412,-1.23181343078613,0.384430915117264,0.86935943365097,0.597553074359894
3,0,-53.7624999996667,-13.5041666665072,0.620507955551147,-1.34043765068054,-0.67173969745636,2.15816402435303,0.78777688741684
4,0,-45.3791666663333,-18.6541666665266,-0.335697382688522,-1.15409803390503,-0.808872759342194,1.40626287460327,0.827884435653687
1,0,-43.5874999996667,-20.1458333331989,-0.33297061920166,1.45089888572693,-1.27280759811401,2.02140665054321,0.576407611370087
4,0,-46.995833333,-21.3958333332036,-0.238267168402672,-0.146455645561218,-0.358354061841965,1.57669413089752,0.734842360019684
2,0,-41.970833333,-18.0874999998578,-0.437461197376251,-1.23913443088531,-0.576877057552338,0.430091977119446,0.886012494564056
1,0,-53.8791666663333,-19.1124999998616,0.519909918308258,-0.760444402694702,0.00232876930385828,0.786497831344604,0.59494024515152
2,0,-42.6874999996667,-16.7874999998529,-0.937240362167358,-1.50844883918762,-1.17251992225647,0.572131276130676,0.81187915802002
4,0,-54.2874999996667,-19.7124999998639,0.547003448009491,-0.421018809080124,0.159850135445595,0.906579971313477,0.783095896244049
4,0,-47.4791666663333,-20.195833333199,0.286685764789581,0.0340049900114536,-0.925312280654907,1.47135436534882,0.976779699325562
1,0,-45.670833333,-20.2791666665327,-0.551577389240265,-0.0519733242690563,-0.485166132450104,1.79835486412048,0.551760792732239
4,0,-44.5041666663333,-20.8541666665348,-0.119756914675236,0.720103144645691,-1.02078926563263,2.28534698486328,0.525192677974701
1,0,-55.195833333,-14.0624999998426,0.76586776971817,-1.09845173358917,-0.890545308589935,2.05128312110901,0.860982358455658
1,0,-44.945833333,-21.3208333332033,-0.0821618139743805,0.556472480297089,-0.513187110424042,2.36375212669373,0.811128735542297
2,0,-47.0124999996667,-14.6708333331783,0.175347417593002,-1.95767426490784,-0.850895166397095,0.447066217660904,0.746778845787048
3,0,-55.4124999996667,-17.1624999998543,0.390331774950027,-1.54636645317078,0.182256042957306,0.833621561527252,0.807050347328186
2,0,-51.5791666663333,-15.5041666665147,0.518552124500275,-1.88119602203369,-0.49688458442688,1.05222880840302,0.456559896469116
4,0,-49.3874999996667,-21.1458333332026,-0.33857399225235,-0.938823997974396,-0.149187639355659,0.996946334838867,0.962941288948059
3,0,-49.1374999996667,-12.129166666502,0.946308434009552,-2.11079978942871,-0.855882823467255,0.974717080593109,0.486017942428589
4,0,-49.7291666663333,-15.3541666665142,0.53460955619812,-1.34287142753601,-0.880094647407532,0.756056427955627,0.539058208465576
3,0,-55.5624999996667,-14.4291666665107,0.882831692695618,-1.28048980236053,-0.737031817436218,1.43272912502289,1.0581339597702
1,0,-52.0541666663333,-12.2541666665025,0.939433157444,-1.9636652469635,-0.889527380466461,1.0451945066452,0.466826647520065
4,0,-55.9124999996667,-15.4041666665143,0.488934129476547,-0.720096707344055,-0.384861201047897,1.04296004772186,1.29363679885864
2,0,-45.645833333,-13.9958333331757,-0.417710781097412,-1.84138965606689,-1.35824012756348,0.45532900094986,0.452466517686844
2,0,-45.395833333,-15.6374999998486,-0.572296798229218,-1.87372672557831,-1.0575065612793,1.06141626834869,0.211390316486359
2,0,-44.970833333,-22.2708333332068,-0.742184102535248,0.65407383441925,-0.0954082310199738,2.6452693939209,0.607506573200226
4,0,-52.2374999996667,-19.737499999864,0.390584230422974,-0.804536521434784,0.0358774997293949,1.18471586704254,0.844415545463562
3,0,-49.4374999996667,-21.7374999998715,-0.44167885184288,-0.379081308841705,0.164105221629143,1.01803052425385,0.846562385559082
3,0,-52.720833333,-20.4374999998666,0.282627403736115,-0.751977860927582,0.323507100343704,0.664270579814911,0.970465958118439
3,0,-42.4874999996667,-22.8124999998755,0.0777769908308983,-0.124798037111759,0.210281535983086,-0.596735656261444,1.18356335163116
3,0,-49.1791666663333,-15.2208333331803,0.219668582081795,-0.939902603626251,-1.15214765071869,0.59926038980484,0.648906767368317
2,0,-42.345833333,-20.6708333332008,-1.00990796089172,0.494140893220901,-0.508666634559631,1.43376982212067,0.526074171066284
3,0,-46.6291666663333,-20.5958333332005,-0.129139885306358,-0.0463843904435635,-0.534736096858978,1.86948907375336,0.783943891525269
4,0,-48.195833333,-22.3791666665406,-0.455557972192764,0.668709456920624,-0.387249320745468,1.23975813388824,0.773864030838013
3,0,-50.7541666663333,-12.6124999998372,1.10855484008789,-2.42587232589722,-0.731236815452576,0.887106955051422,0.49420765042305
2,0,-44.6874999996667,-20.9208333332018,0.14300711452961,0.558143973350525,-0.872368633747101,2.50373125076294,0.467424511909485
4,0,-51.0124999996667,-14.3291666665103,0.678916394710541,-2.13538837432861,-0.618634700775146,0.982605755329132,0.509988725185394
2,0,-47.795833333,-17.3291666665216,-0.197956502437592,-0.490369439125061,-1.26339948177338,1.33782589435577,0.119266249239445
3,0,-56.6291666663333,-15.1208333331799,0.292743384838104,-0.860040485858917,-0.0658398866653442,0.432442605495453,1.27549242973328
3,0,-48.6041666663333,-21.0458333332022,0.043260145932436,-0.769113421440125,-0.474182784557343,1.34442961215973,0.890540421009064
1,0,-48.0541666663333,-21.9874999998724,-0.283159911632538,0.419014066457748,-0.410841733217239,1.03454291820526,0.837760210037231
4,0,-52.495833333,-12.3291666665028,0.74554318189621,-1.97536027431488,-0.795267522335052,1.25920462608337,0.360639214515686
1,0,-50.9124999996667,-15.1874999998469,0.649037659168243,-1.67929244041443,-0.737618267536163,0.956831693649292,0.519747018814087
3,0,-57.1041666663333,-18.070833333191,0.347119450569153,-1.87501418590546,0.377078235149384,-0.139640897512436,0.90816605091095
1,0,-44.9291666663333,-18.0374999998576,-0.727120935916901,-0.954637289047241,-1.092808842659,1.24041724205017,0.795674264431
4,0,-54.2624999996667,-18.4041666665256,0.512106955051422,-1.07698845863342,0.16238871216774,0.973803400993347,0.588760852813721
2,0,-54.570833333,-20.2124999998658,0.681091785430908,-0.432696789503098,0.152353405952454,0.473760306835175,0.814173638820648
2,0,-44.4041666663333,-22.6458333332083,0.0186485070735216,0.334168136119843,-0.210955023765564,1.71662354469299,0.891862154006958
1,0,-42.6791666663333,-20.5708333332004,-0.78595644235611,-0.0655553638935089,-0.506879568099976,1.29558742046356,0.614904761314392
2,0,-55.0374999996667,-16.6041666665189,0.433934241533279,-1.35601389408112,-0.0112065803259611,1.07926738262177,0.845807731151581
3,0,-42.5541666663333,-20.3958333331998,-0.683700025081635,0.235258653759956,-0.496731221675873,1.26848185062408,0.678942859172821
4,0,-56.595833333,-18.7124999998601,0.432232618331909,-1.61375415325165,0.617345571517944,0.255894243717194,1.04786503314972
2,0,-45.3291666663333,-17.1541666665209,-0.665794730186462,-1.54539966583252,-0.736554205417633,1.37096953392029,0.807315111160278
1,0,-41.4624999996667,-17.0291666665205,-1.12003040313721,-0.542164325714111,-0.945177555084229,0.0513663925230503,0.933155596256256
2,0,-53.245833333,-13.2041666665061,0.409551739692688,-1.81941723823547,-0.568533003330231,1.67271089553833,0.226588264107704
3,0,-44.020833333,-18.8041666665271,-0.615063965320587,-0.648688673973083,-0.969362556934357,1.51246953010559,0.656286120414734
2,0,-49.0874999996667,-22.2958333332069,-0.352656692266464,-0.455405503511429,0.0101030627265573,0.569200038909912,0.820250511169434
1,0,-46.045833333,-18.5791666665263,-0.0235933475196362,-0.360665589570999,-1.18491816520691,1.52226543426514,0.846530854701996
4,0,-45.6541666663333,-22.937499999876,-0.16335155069828,0.74247145652771,-0.238104864954948,0.882971525192261,1.01188826560974
3,0,-49.845833333,-14.9791666665127,0.443534910678864,-1.15722835063934,-1.00036907196045,0.773912608623505,0.57884693145752
2,0,-46.5624999996667,-15.0208333331796,-0.000214777814107947,-1.39682638645172,-1.2239294052124,0.607670307159424,0.596973538398743
4,0,-49.4374999996667,-15.4124999998477,0.496543020009995,-1.28867161273956,-0.915126979351044,0.69557112455368,0.563861608505249
2,0,-50.1874999996667,-14.7541666665119,0.671568036079407,-1.93305695056915,-0.727686703205109,0.797665059566498,0.57287722826004
1,0,-52.2041666663333,-21.0958333332024,-0.209074348211288,-0.746855556964874,0.394321382045746,0.202266857028008,1.0045462846756
4,0,-56.0124999996667,-16.3041666665177,0.360291868448257,-1.51468253135681,0.0348283872008324,0.496003031730652,0.964898884296417
2,0,-54.0124999996667,-20.1124999998654,0.589496254920959,-0.528312504291534,0.203677788376808,0.714128851890564,0.80270916223526
3,0,-49.095833333,-20.8208333332014,-0.123792387545109,-0.968351662158966,-0.358317971229553,1.21177065372467,0.833225727081299
1,0,-48.2124999996667,-16.6874999998525,0.0114195812493563,-0.491516411304474,-1.30476129055023,0.986264288425446,0.37604695558548
1,0,-52.5791666663333,-19.1291666665284,0.451223820447922,-0.526987433433533,-0.13785994052887,1.52041637897491,0.810441613197327
1,0,-50.645833333,-13.020833333172,0.927507400512695,-2.28329205513,-0.755975246429443,0.785007476806641,0.506929397583008
3,0,-49.9791666663333,-14.9791666665127,0.559405744075775,-1.24833011627197,-1.01287496089935,0.703598499298096,0.591716349124908
3,0,-46.220833333,-21.520833333204,-0.2425926476717,0.38007989525795,-0.341645956039429,1.88404822349548,0.59598296880722
4,0,-46.5624999996667,-21.7874999998717,-0.12893208861351,1.06499922275543,-0.619141042232513,2.13684368133545,0.612675666809082
4,0,-44.3041666663333,-20.6708333332008,-0.238069087266922,0.578435301780701,-1.04304242134094,2.05447959899902,0.604708790779114
3,0,-51.820833333,-18.5874999998597,0.45362913608551,-0.600844204425812,-0.506722748279572,1.38097596168518,0.667421817779541
4,0,-45.470833333,-13.5124999998406,-0.590855836868286,-1.99013781547546,-1.35336935520172,0.160815224051476,0.550274074077606
2,0,-53.5041666663333,-15.0458333331797,0.412887424230576,-0.839108526706696,-0.412796586751938,2.82119965553284,0.604185223579407
3,0,-45.4541666663333,-13.887499999842,-0.681717157363892,-1.96103370189667,-1.38059663772583,0.22960276901722,0.488641113042831
4,0,-49.095833333,-20.7041666665343,-0.0460407063364983,-0.985966086387634,-0.330438286066055,1.46575796604156,0.955599188804626
3,0,-48.5041666663333,-11.2458333331654,0.813157558441162,-1.84875500202179,-0.810242533683777,0.782022833824158,0.605725586414337
4,0,-49.445833333,-15.7458333331823,0.610923826694489,-1.17911422252655,-0.962829947471619,0.701490223407745,0.532792687416077
2,0,-53.1624999996667,-20.6374999998674,0.323836445808411,-0.505097508430481,0.327376514673233,0.555844962596893,0.972234547138214
2,0,-53.0124999996667,-18.1458333331913,0.202817544341087,-0.243799284100533,-0.458793818950653,1.54134511947632,0.45095357298851
3,0,-56.9874999996667,-16.0708333331835,0.379897177219391,-1.45552742481232,0.203617140650749,0.723874092102051,1.17464220523834
4,0,-45.845833333,-14.2208333331766,-0.17807100713253,-1.67710602283478,-1.34080743789673,0.598297655582428,0.436187326908112
3,0,-45.020833333,-19.4624999998629,-0.469472438097,-0.846615552902222,-0.702311038970947,1.73911356925964,0.652038037776947
3,0,-48.3624999996667,-14.6541666665115,0.243916675448418,-1.04846513271332,-1.21697640419006,0.604616403579712,0.667045652866364
1,0,-48.9374999996667,-12.4374999998365,0.824173450469971,-2.14497113227844,-0.897736489772797,0.906448066234589,0.47907280921936
2,0,-54.170833333,-18.2374999998583,0.47528263926506,-1.11681962013245,0.149082481861115,1.09370195865631,0.566742777824402
1,0,-47.7291666663333,-20.2541666665326,0.39669668674469,-0.458714574575424,-0.833306074142456,1.60351347923279,0.941422402858734
4,0,-42.070833333,-22.3708333332072,0.110154069960117,-0.275673300027847,0.247017666697502,-0.505011856555939,1.05333065986633
2,0,-54.4541666663333,-17.979166666524,0.449757814407349,-1.11158084869385,0.148148059844971,1.09432685375214,0.593142032623291
1,0,-45.7791666663333,-22.7791666665421,-0.208997875452042,1.89537727832794,0.0748041272163391,2.2964301109314,0.567044615745544
4,0,-43.620833333,-18.0291666665242,-0.353464305400848,0.641274452209473,-1.51973557472229,1.19241511821747,0.874210894107819
1,0,-44.945833333,-17.6791666665229,-0.76736843585968,-1.39437401294708,-0.924999117851257,1.05498993396759,0.809593200683594
4,0,-43.8624999996667,-22.3791666665406,-0.377144038677216,0.654674589633942,-0.417244523763657,1.18051755428314,0.842104494571686
3,0,-47.2124999996667,-17.1374999998542,0.105596505105495,-0.56416392326355,-1.03001606464386,1.89664351940155,0.631244778633118
4,0,-48.0374999996667,-11.6124999998334,0.612894415855408,-2.03938865661621,-0.825632393360138,0.83640456199646,0.526595830917358
1,0,-49.470833333,-15.3124999998473,0.440906196832657,-1.14620089530945,-1.04218757152557,0.6098672747612,0.606133639812469
3,0,-54.620833333,-13.8291666665084,0.650307059288025,-1.1432101726532,-0.830326974391937,2.1699914932251,0.759500682353973
3,0,-57.1041666663333,-16.5874999998521,0.31586292386055,-1.66713654994965,0.16595333814621,0.267096340656281,0.919663190841675
2,0,-42.6624999996667,-20.970833333202,-0.464580595493317,-0.50473940372467,-0.366538733243942,1.2320591211319,0.728591859340668
1,0,-52.5124999996667,-21.3624999998701,-0.196124821901321,-0.745490908622742,0.612892925739288,0.116035014390945,0.970836222171783
3,0,-48.5624999996667,-21.4624999998705,-0.102576978504658,-0.541656494140625,-0.397346824407578,1.26692628860474,0.858752191066742
4,0,-51.145833333,-15.8374999998493,0.55608069896698,-1.52324485778809,-0.701034665107727,0.933562219142914,0.473434031009674
2,0,-43.570833333,-19.8874999998645,-0.105850242078304,0.770507752895355,-1.16948080062866,1.91196012496948,0.615144550800323
2,0,-56.5291666663333,-18.2791666665252,0.546826481819153,-1.47235023975372,0.315264642238617,0.0171336252242327,1.20396029949188
4,0,-48.2291666663333,-19.0041666665279,0.280252784490585,-0.576449751853943,-0.966632485389709,1.75424361228943,0.7186359167099
1,0,-50.770833333,-17.9041666665237,0.494714915752411,-0.965201437473297,-0.826074421405792,1.09203374385834,0.458762854337692
1,0,-48.545833333,-21.1624999998693,-0.028284665197134,-0.637747943401337,-0.531040072441101,1.28016436100006,0.915281355381012
3,0,-53.570833333,-16.562499999852,0.236195892095566,-0.955021440982819,-0.329258561134338,1.97506880760193,0.488273322582245
1,0,-45.1291666663333,-17.5124999998556,-0.743104815483093,-1.20426690578461,-0.993201971054077,1.20775759220123,0.761159002780914
2,0,-54.395833333,-16.5124999998518,0.357641041278839,-1.31814014911652,-0.0606694780290127,1.66074848175049,0.71426397562027
3,0,-55.8041666663333,-14.8874999998457,0.595814049243927,-1.0475560426712,-0.562400341033936,0.81893002986908,1.17691826820374
3,0,-52.2374999996667,-12.6708333331707,0.691164195537567,-2.08194160461426,-0.640372574329376,1.35104584693909,0.284541636705399
3,0,-44.3041666663333,-16.5291666665186,-0.789823353290558,-1.28564476966858,-0.956251323223114,1.49593985080719,0.776646316051483
4,0,-44.3541666663333,-19.0458333331947,-0.630263090133667,-0.714463949203491,-0.979868054389954,1.67525792121887,0.64752721786499
2,0,-46.4791666663333,-22.3624999998739,-0.203218668699265,0.904626429080963,-0.37118849158287,1.76051867008209,0.846837878227234
2,0,-50.220833333,-14.4291666665107,0.662256419658661,-2.09745168685913,-0.709243416786194,0.819633901119232,0.570888876914978
4,0,-43.870833333,-17.4458333331887,-0.868163108825684,-0.70601487159729,-1.39976954460144,0.866144180297852,0.830671966075897
1,0,-55.4291666663333,-15.4958333331814,0.367582410573959,-0.539562404155731,-0.453936785459518,1.88227188587189,1.08861744403839
2,0,-42.0791666663333,-17.1208333331875,-1.04362750053406,-1.21877443790436,-1.0627007484436,0.402780562639236,0.907224118709564
2,0,-50.2374999996667,-19.7791666665308,-0.16585336625576,-1.06716215610504,-0.273339837789536,1.29592931270599,0.974789798259735
2,0,-45.8791666663333,-18.9624999998611,-0.149813190102577,-0.178135886788368,-1.01405763626099,1.75730347633362,0.828011810779572
4,0,-45.470833333,-16.4624999998517,-0.963060319423676,-1.85304248332977,-0.833260774612427,0.877737104892731,0.415382236242294
3,0,-56.070833333,-15.9541666665164,0.456804364919662,-1.47366261482239,0.0615902617573738,0.749512374401093,1.20057880878448
1,0,-45.6874999996667,-17.7291666665231,-0.302509874105453,-1.24165260791779,-0.990380048751831,1.36017966270447,0.851966083049774
1,0,-49.1124999996667,-21.245833333203,-0.258453547954559,-0.715341210365295,-0.273483633995056,0.980021476745605,0.869465291500092
3,0,-50.3041666663333,-13.454166666507,0.858832955360413,-2.194007396698,-0.758828938007355,0.93034040927887,0.520362079143524
1,0,-46.5041666663333,-23.2958333332107,-0.342294722795486,1.82364118099213,-0.602413535118103,0.694782733917236,0.989511072635651
1,0,-52.120833333,-17.5124999998556,0.210238009691238,-0.437111765146255,-0.759986400604248,1.16873979568481,0.265142112970352
3,0,-56.0374999996667,-18.0374999998576,0.396454304456711,-1.65470671653748,0.49009981751442,0.48186257481575,0.757371246814728
1,0,-54.9541666663333,-17.5624999998558,0.435708075761795,-1.12326276302338,0.0264627747237682,0.950934886932373,0.689609289169312
1,0,-52.5374999996667,-12.2708333331692,0.783020973205566,-1.99103832244873,-0.772220492362976,1.25909602642059,0.371383845806122
1,0,-45.9291666663333,-17.2874999998548,-0.519140958786011,-1.73721063137054,-0.957146286964417,0.883212506771088,0.473667174577713
1,0,-52.470833333,-14.9708333331794,0.125774219632149,-1.43648767471313,-0.649931728839874,1.49923527240753,0.332875698804855
3,0,-52.870833333,-12.5124999998368,0.622009038925171,-1.96652007102966,-0.718797028064728,1.41109371185303,0.28132951259613
2,0,-47.845833333,-11.5374999998331,0.536300778388977,-2.0647988319397,-0.852040469646454,0.784678637981415,0.507501721382141
1,0,-54.5041666663333,-13.9708333331756,0.586479902267456,-1.12747991085052,-0.79304701089859,2.14996290206909,0.723181843757629
2,0,-52.5041666663333,-20.3624999998663,0.171014621853828,-0.73556661605835,0.297131568193436,0.779078662395477,0.920314073562622
2,0,-54.345833333,-18.4708333331925,0.500581026077271,-1.11680483818054,0.236881285905838,1.0484379529953,0.553305685520172
4,0,-50.545833333,-17.7124999998564,0.552323222160339,-1.12234628200531,-0.780477523803711,1.05065059661865,0.466128617525101
1,0,-49.9041666663333,-16.562499999852,0.638197362422943,-1.07194244861603,-0.948029398918152,0.863912284374237,0.497285127639771
2,0,-53.570833333,-20.8291666665348,0.38221675157547,-0.606114685535431,0.490808844566345,0.420809984207153,0.952890872955322
2,0,-46.2041666663333,-22.9124999998759,-0.449480026960373,1.93072283267975,-0.366976469755173,1.62852561473846,0.59284907579422
2,0,-50.545833333,-17.3958333331885,0.584502816200256,-1.16084837913513,-0.833764374256134,0.996903002262115,0.478797912597656
1,0,-57.0624999996667,-16.0541666665168,0.350839525461197,-1.43867552280426,0.186193525791168,0.724124789237976,1.16523659229279
4,0,-44.745833333,-20.9791666665353,0.23161219060421,0.54083913564682,-0.837164878845215,2.62385892868042,0.421966075897217
1,0,-52.9874999996667,-15.487499999848,0.0980738997459412,-1.3163583278656,-0.348948061466217,2.36421489715576,0.579999029636383
4,0,-51.9874999996667,-17.7374999998565,0.457341551780701,-0.478973239660263,-0.616857647895813,1.552077293396,0.666463017463684
2,0,-50.1291666663333,-16.8541666665198,0.629314005374908,-1.14792144298553,-0.911223828792572,0.914102673530579,0.49039900302887
3,0,-47.5374999996667,-13.3041666665064,0.557693839073181,-2.09511160850525,-1.03390872478485,0.569349348545074,0.671153426170349
2,0,-48.270833333,-16.0958333331836,0.0886294022202492,-0.563450038433075,-1.2279177904129,0.775169909000397,0.52807229757309
3,0,-47.6874999996667,-19.1624999998618,0.327581763267517,-0.0642053484916687,-1.20605909824371,1.76003515720367,0.882339715957642
4,0,-46.3541666663333,-16.6374999998523,-0.572316527366638,-1.44321966171265,-0.999379396438599,0.746083378791809,0.434539288282394
3,0,-56.2624999996667,-16.9874999998536,0.340937525033951,-1.53606390953064,0.13011671602726,0.320082515478134,0.933235347270966
1,0,-44.8791666663333,-12.8624999998381,-0.670597076416016,-2.11428928375244,-1.00373089313507,0.508046865463257,0.53048175573349
4,0,-53.620833333,-16.5291666665186,0.235297709703445,-0.927882492542267,-0.342402219772339,2.00424718856812,0.48761573433876
3,0,-41.9874999996667,-18.779166666527,0.0154507365077734,-1.31452238559723,-0.420383125543594,0.370812773704529,0.998020112514496
2,0,-45.6041666663333,-22.2958333332069,-0.430278152227402,0.428923189640045,0.000892019481398165,2.17685031890869,0.74076634645462
3,0,-52.270833333,-13.5624999998408,0.403631597757339,-1.96014034748077,-0.711802959442139,1.35589373111725,0.267323911190033
3,0,-48.8791666663333,-17.5541666665224,0.0438787676393986,-1.06081986427307,-0.994077861309052,0.981728851795197,0.347300142049789
3,0,-47.620833333,-21.8874999998721,-0.222077488899231,-0.0516647212207317,-0.309538930654526,1.29505228996277,0.739263415336609
1,0,-42.220833333,-20.8791666665349,-0.875374555587769,0.697336494922638,-0.462532222270966,1.40460395812988,0.561261534690857
3,0,-51.320833333,-17.9874999998574,0.583700239658356,-0.50154834985733,-0.748872995376587,1.54410290718079,0.865161716938019
1,0,-41.2624999996667,-16.9708333331869,-1.07823991775513,-0.259445875883102,-0.850836336612701,-0.14092592895031,0.976657032966614
2,0,-55.2291666663333,-19.1374999998617,0.701830387115479,-1.33216524124146,0.634591400623322,0.827192604541779,0.849865555763245
2,0,-46.3291666663333,-23.187499999877,-0.388083547353745,1.61801481246948,-0.574625909328461,0.780766844749451,0.964855492115021
4,0,-47.5124999996667,-15.212499999847,-0.175636887550354,-0.259279936552048,-1.47135198116302,0.744626700878143,0.538189113140106
2,0,-48.9874999996667,-18.2208333331916,0.140703693032265,-0.783841371536255,-0.845389604568481,1.49068927764893,0.834692060947418
2,0,-46.345833333,-15.5291666665148,-0.00238292501308024,-1.10992062091827,-1.25083911418915,1.24974191188812,0.277256101369858
4,0,-41.8374999996667,-19.4791666665297,-0.386984497308731,-0.0751900002360344,-0.534422218799591,0.675437569618225,0.888746023178101
4,0,-55.4791666663333,-15.7708333331824,0.290099263191223,-0.516339957714081,-0.565083682537079,1.26223289966583,0.864298582077026
4,0,-52.370833333,-14.7624999998453,0.29620772600174,-1.80910110473633,-0.482193917036057,1.35677087306976,0.421439558267593
3,0,-47.320833333,-16.0958333331836,-0.284627437591553,-0.724113881587982,-1.29875195026398,0.800962030887604,0.383151262998581
2,0,-42.4041666663333,-17.5291666665223,-1.04300475120544,-0.487727016210556,-1.26059234142303,0.862660050392151,0.758904635906219
4,0,-52.470833333,-12.287499999836,0.751347184181213,-2.03934407234192,-0.736158192157745,1.2841979265213,0.345440775156021
1,0,-56.3291666663333,-15.7791666665158,0.399985462427139,-1.35685729980469,0.0659605488181114,0.78338897228241,1.25916421413422
2,0,-48.795833333,-17.6374999998561,0.219519481062889,-1.01454329490662,-0.771527767181396,1.59509086608887,0.790077567100525
1,0,-43.8624999996667,-16.4124999998515,-0.93902975320816,-1.28976690769196,-1.39596819877625,0.854678094387054,0.725366592407227
4,0,-41.520833333,-18.6958333331934,-0.0698556080460548,-0.944443702697754,-0.443457454442978,0.140546187758446,1.02520787715912
4,0,-56.5291666663333,-15.8708333331828,0.335679739713669,-1.38149774074554,0.12953744828701,0.614947497844696,1.20024240016937
1,0,-45.1374999996667,-20.995833333202,-0.261430740356445,0.359804749488831,-0.580831110477448,2.00646018981934,0.572176814079285
4,0,-45.620833333,-16.0208333331833,-0.641481220722198,-1.7016943693161,-0.973281025886536,1.04605388641357,0.317171096801758
4,0,-49.2541666663333,-15.4791666665146,0.424943655729294,-1.13274788856506,-1.02606523036957,0.607255697250366,0.583299398422241
3,0,-48.2374999996667,-13.6541666665078,0.441148728132248,-1.24451410770416,-1.20828831195831,0.889675617218018,0.573053598403931
2,0,-55.1374999996667,-16.8208333331863,0.375730812549591,-1.47946071624756,0.107170343399048,1.0409768819809,0.801852464675903
3,0,-52.320833333,-17.4708333331888,0.131463423371315,-0.275008887052536,-0.747315764427185,1.29546988010406,0.173538759350777
2,0,-53.8874999996667,-13.3458333331733,0.612353682518005,-1.44655990600586,-0.6399005651474,2.29839730262756,0.740767657756805
1,0,-55.770833333,-18.3791666665255,0.428132951259613,-1.60336983203888,0.514139533042908,0.551892638206482,0.708552837371826
1,0,-53.2624999996667,-21.3708333332035,0.0757130831480026,-0.482229351997375,0.594015955924988,0.224215000867844,0.924925625324249
3,0,-52.4874999996667,-14.2874999998435,0.211288660764694,-1.92947483062744,-0.482529193162918,1.27264142036438,0.423024147748947
3,0,-42.5791666663333,-18.412499999859,-0.527569055557251,-0.252337127923965,-0.76393723487854,1.25444960594177,0.583714544773102
2,0,-42.0624999996667,-17.9041666665237,-0.666187047958374,-0.684121549129486,-0.829556524753571,0.553382098674774,0.841519176959991
4,0,-47.6624999996667,-17.087499999854,-0.189843013882637,-0.659477055072784,-1.24390077590942,1.23370373249054,0.142774567008018
1,0,-51.5624999996667,-18.6291666665265,0.455840855836868,-0.835047006607056,-0.469053506851196,1.32245552539825,0.688357770442963
3,0,-48.845833333,-20.9374999998685,-0.0166970919817686,-0.867311298847198,-0.418157547712326,1.31546592712402,0.864459276199341
3,0,-48.6624999996667,-21.8958333332054,-0.279173672199249,-0.389880895614624,-0.195892095565796,1.03643846511841,0.814421594142914
3,0,-54.0124999996667,-18.0208333331909,0.485080063343048,-1.15990793704987,0.104815758764744,1.18446731567383,0.565771102905273
3,0,-52.6291666663333,-19.7958333331975,0.391651272773743,-0.884980499744415,0.18111926317215,1.06170332431793,0.841760277748108
4,0,-53.7374999996667,-19.7874999998642,0.5580233335495,-0.565166592597961,0.156713455915451,0.980583310127258,0.786206245422363
1,0,-41.0874999996667,-21.7874999998717,0.0815844610333443,-0.588369786739349,0.23467880487442,-1.31330335140228,1.2708899974823
3,0,-47.9791666663333,-15.2708333331805,0.0459991842508316,-1.03479182720184,-1.16116619110107,0.49758392572403,0.6639683842659
4,0,-47.045833333,-19.304166666529,0.289961665868759,0.0582047812640667,-1.14006948471069,1.86243987083435,0.716401278972626
2,0,-53.8791666663333,-20.4458333332,0.592131972312927,-0.596008360385895,0.368804574012756,0.512000620365143,0.967090249061584
4,0,-49.645833333,-18.504166666526,0.340327590703964,-1.19899213314056,-0.548409044742584,1.49105978012085,0.766312777996063
4,0,-42.245833333,-16.8458333331864,-1.04003024101257,-2.08443856239319,-0.830913305282593,0.457073420286179,0.845783114433289
2,0,-51.5874999996667,-18.3541666665254,0.532104134559631,-0.710113286972046,-0.542365968227386,1.40241086483002,0.740355908870697
4,0,-46.620833333,-20.4291666665332,-0.152319371700287,0.973219871520996,-0.944911122322083,1.90671324729919,0.781386256217957
1,0,-44.4874999996667,-19.9124999998646,-0.0414441078901291,-0.0988486409187317,-1.07213282585144,2.12443470954895,0.531587183475494
4,0,-57.3874999996667,-16.9708333331869,0.440314114093781,-1.74077105522156,0.189358472824097,0.0940814167261124,0.932427406311035
1,0,-40.6874999996667,-19.4958333331964,0.144461870193481,-0.445834875106812,-0.0371991395950317,-0.35357877612114,1.02731204032898
2,0,-46.2624999996667,-17.7208333331897,-0.0489517077803612,-1.38719189167023,-1.22240793704987,0.841693103313446,0.456720054149628
1,0,-46.170833333,-16.1458333331838,-0.520703613758087,-1.75011992454529,-0.826066613197327,0.857286036014557,0.435110539197922
1,0,-54.470833333,-19.0624999998614,0.558600008487701,-0.984101533889771,0.273375421762466,0.766046464443207,0.570267736911774
3,0,-50.5874999996667,-16.9791666665203,0.59946346282959,-0.976531207561493,-0.933758437633514,1.02164196968079,0.473523706197739
2,0,-51.395833333,-18.0791666665244,0.593988120555878,-0.636737287044525,-0.636113345623016,1.54443657398224,0.806277930736542
2,0,-47.0374999996667,-22.0708333332061,-0.362730324268341,-0.134927377104759,-0.280919134616852,1.32697486877441,0.759898900985718
3,0,-44.6374999996667,-13.5708333331741,-0.8805792927742,-2.25670027732849,-1.21710765361786,0.325619101524353,0.527083277702332
1,0,-49.0624999996667,-15.1708333331801,0.241954460740089,-1.10832548141479,-1.08539426326752,0.605736196041107,0.653116524219513
2,0,-54.520833333,-16.3208333331845,0.338490217924118,-1.24882185459137,-0.122419364750385,1.68807208538055,0.743766129016876
2,0,-53.7041666663333,-12.8208333331713,0.770784020423889,-1.53881001472473,-0.637129902839661,2.19686388969421,0.751637160778046
3,0,-41.7541666663333,-21.4374999998704,-0.32559335231781,-0.789466083049774,0.0156097039580345,0.00293958117254078,0.938332378864288
1,0,-50.5624999996667,-13.3541666665066,0.888390839099884,-2.22547674179077,-0.831462979316711,0.775038301944733,0.534890294075012
3,0,-41.495833333,-21.6208333332044,-0.148874208331108,-0.794214367866516,-0.0291749257594347,-0.696112871170044,1.06512832641602
1,0,-43.9541666663333,-19.4041666665294,-0.393960475921631,-0.653049111366272,-0.909884989261627,1.62112510204315,0.63453620672226
3,0,-45.495833333,-12.4791666665033,0.172171726822853,-2.17196917533875,-1.3052567243576,0.107706859707832,0.0239557400345802
2,0,-47.8541666663333,-19.3874999998627,0.224594905972481,0.133325412869453,-0.993727505207062,1.85090303421021,0.799825131893158
4,0,-45.7374999996667,-16.3041666665177,-0.77436089515686,-1.89032649993896,-0.790186882019043,0.923910140991211,0.404630690813065
2,0,-46.9791666663333,-21.1791666665361,-0.187724694609642,0.540930092334747,-0.670866012573242,1.63160085678101,0.808246791362762
4,0,-44.8541666663333,-17.79583333319,-0.810220837593079,-1.11285996437073,-1.1042023897171,1.04373705387115,0.816031515598297
1,0,-48.1541666663333,-11.5958333331667,0.638461351394653,-2.09219598770142,-0.823021769523621,0.819941878318787,0.496298521757126
1,0,-47.870833333,-16.6874999998525,-0.0894266664981842,-0.748632788658142,-1.2270575761795,1.07748508453369,0.256382286548615
1,0,-50.2124999996667,-15.212499999847,0.738151252269745,-1.64744067192078,-0.811576306819916,0.712374866008759,0.580965220928192
3,0,-54.8874999996667,-13.3791666665067,0.861091136932373,-1.32075190544128,-0.860866665840149,2.33093523979187,0.830924034118652
4,0,-54.2291666663333,-14.412499999844,0.642268002033234,-1.12502813339233,-0.654337406158447,2.3103334903717,0.582956671714783
4,0,-52.0791666663333,-15.762499999849,0.360349327325821,-1.79510474205017,-0.416819363832474,1.106813788414,0.340581148862839
4,0,-50.0791666663333,-16.6874999998525,0.64392364025116,-1.11552429199219,-0.925523459911346,0.900566875934601,0.500485718250275
2,0,-47.3791666663333,-19.5874999998634,0.256849110126495,0.45490899682045,-1.12036466598511,1.84156048297882,0.750425577163696
3,0,-48.7041666663333,-18.8374999998606,-0.0685084015130997,-0.590539216995239,-0.670591831207275,1.71711122989655,0.695327520370483
2,0,-48.2791666663333,-14.5708333331779,0.333024024963379,-1.39731788635254,-1.06929314136505,0.599551916122437,0.670896589756012
3,0,-53.3791666663333,-18.1874999998582,0.49478018283844,-0.912420511245728,-0.223815932869911,1.07033634185791,0.601258933544159
2,0,-48.6124999996667,-12.6208333331705,0.589885294437408,-2.0374903678894,-0.924153208732605,0.8725705742836,0.482175827026367
1,0,-50.6291666663333,-13.2208333331728,0.932538568973541,-2.26019430160522,-0.804804384708405,0.763491570949554,0.540540754795074
3,0,-40.8374999996667,-19.9374999998647,-0.0467362515628338,0.386389672756195,-0.114701561629772,-0.123340465128422,0.925072014331818
1,0,-41.395833333,-18.1124999998579,-0.413369655609131,-0.444749593734741,-0.5693199634552,0.0922114178538322,0.954128980636597
4,0,-50.4041666663333,-13.9374999998422,0.710361838340759,-2.1540253162384,-0.701042592525482,0.904619634151459,0.519896447658539
4,0,-44.8791666663333,-16.9874999998536,-0.687412738800049,-1.69494020938873,-0.593307077884674,1.51090359687805,0.7987020611763
4,0,-55.8791666663333,-19.1708333331952,0.605099380016327,-1.41078782081604,0.733313500881195,0.590159773826599,0.883398234844208
2,0,-47.270833333,-17.4874999998555,-0.106322795152664,-0.482137709856033,-1.28899049758911,1.41146099567413,0.0176589842885733
2,0,-53.520833333,-21.0291666665355,0.347061723470688,-0.504774510860443,0.516059279441833,0.40217325091362,0.952804505825043
1,0,-53.1041666663333,-18.9624999998611,0.404816746711731,-0.70542299747467,-0.191671878099442,0.969783008098602,0.584321737289429
2,0,-53.3374999996667,-19.9291666665314,0.457318365573883,-0.738450169563293,0.202466532588005,0.742292046546936,0.864077746868134
4,0,-49.7791666663333,-21.3541666665367,-0.37023538351059,-0.598735988140106,0.0477263182401657,0.741145551204681,0.94019877910614
1,0,-47.720833333,-18.7458333331936,0.127625659108162,-0.282703787088394,-1.26402032375336,1.85241067409515,0.849897742271423
2,0,-50.370833333,-18.5624999998596,0.446306824684143,-1.08619463443756,-0.529526233673096,1.39571762084961,0.799888253211975
1,0,-42.395833333,-19.8541666665311,-0.36071240901947,-0.5175821185112,-0.519826531410217,0.878604412078857,0.856066226959229
3,0,-54.0291666663333,-20.012499999865,0.617102444171906,-0.536924839019775,0.190927714109421,0.760315537452698,0.806814551353455
3,0,-47.745833333,-15.2708333331805,-0.0849655494093895,-0.669717192649841,-1.31923866271973,0.590340256690979,0.626702606678009
1,0,-54.270833333,-20.6458333332007,0.634207487106323,-0.37075337767601,0.391195863485336,0.534333050251007,0.933876812458038
3,0,-53.2624999996667,-19.0541666665281,0.456464648246765,-0.405052453279495,-0.0937200784683228,1.38055002689362,0.812512278556824
1,0,-45.795833333,-12.4041666665031,0.118851758539677,-2.08224582672119,-1.40460574626923,0.126201748847961,-0.0386969149112701
3,0,-41.8791666663333,-15.8874999998495,-1.43680381774902,-0.776911318302155,-1.46051216125488,0.193715929985046,0.854058742523193
1,0,-46.6124999996667,-18.8874999998608,0.150237217545509,-0.0914875045418739,-1.15746653079987,1.69256281852722,0.826896965503693
2,0,-44.270833333,-18.2374999998583,-0.941308975219727,-1.41394376754761,-0.875653803348541,0.948739290237427,0.778771281242371
4,0,-49.595833333,-20.7374999998677,-0.154418498277664,-0.765836477279663,-0.30962797999382,1.2574634552002,0.949282467365265
2,0,-54.1291666663333,-12.8624999998381,0.8163743019104,-1.57119596004486,-0.65003913640976,2.29298663139343,0.722433805465698
4,0,-43.4874999996667,-18.7874999998604,-0.342262029647827,0.242338746786118,-0.823994696140289,1.70252978801727,0.67397552728653
4,0,-49.2791666663333,-18.320833333192,-0.0464030876755714,-1.35980808734894,-0.722728133201599,0.998936653137207,0.346985429525375
2,0,-48.5124999996667,-14.8291666665122,0.340874791145325,-1.25671947002411,-1.12404632568359,0.52647989988327,0.702828526496887
2,0,-51.320833333,-20.4708333332001,-0.18655689060688,-0.826648116111755,0.172401934862137,0.816936433315277,0.888607263565063
4,0,-55.8791666663333,-18.6208333331931,0.413704574108124,-1.54308187961578,0.48868727684021,0.422690749168396,0.73405510187149
3,0,-45.970833333,-21.5041666665373,-0.264538109302521,0.35309898853302,-0.188068553805351,1.93372964859009,0.505458176136017
2,0,-50.9624999996667,-20.2708333331993,-0.25713187456131,-0.964534997940063,-0.0172313917428255,0.863773703575134,0.918169558048248
1,0,-46.5291666663333,-19.9874999998649,-0.152094602584839,0.724928557872772,-0.891960144042969,2.07306027412415,0.68065619468689
2,0,-46.270833333,-22.3374999998738,-0.260923981666565,1.01875150203705,-0.400180518627167,1.71979486942291,0.612866640090942
2,0,-57.1874999996667,-15.2458333331804,0.637985348701477,-1.25461304187775,-0.0393615402281284,1.09511804580688,1.25983488559723
4,0,-42.1791666663333,-20.7041666665343,-1.00684773921967,0.722003400325775,-0.570423185825348,1.42361342906952,0.530882775783539
4,0,-50.120833333,-15.9458333331831,0.746020972728729,-1.20576322078705,-0.968744337558746,0.713696360588074,0.529793798923492
2,0,-43.220833333,-20.5541666665337,-0.541826665401459,0.32637095451355,-0.698659837245941,1.43083095550537,0.696358025074005
1,0,-47.3874999996667,-17.3208333331882,0.123480774462223,-0.534632861614227,-1.04340398311615,2.00320291519165,0.611369013786316
3,0,-54.2124999996667,-16.5124999998518,0.353747725486755,-1.29286432266235,-0.0914324074983597,1.70563769340515,0.692971587181091
4,0,-46.3541666663333,-14.687499999845,-0.0742993131279945,-1.4334522485733,-1.26235735416412,0.547459423542023,0.600248277187347
2,0,-43.7791666663333,-16.7291666665193,-0.74050909280777,-1.45630013942719,-1.3197934627533,0.857167541980743,0.700421452522278
3,0,-49.470833333,-16.5874999998521,0.612209796905518,-0.986078381538391,-1.02007579803467,0.778551459312439,0.507635116577148
4,0,-52.670833333,-21.0041666665354,-0.0328868478536606,-0.664391458034515,0.420783042907715,0.326826304197311,0.964179635047913
1,0,-43.8874999996667,-15.6041666665151,-0.913362264633179,-2.19768095016479,-1.24456310272217,0.193357884883881,0.618481814861298
4,0,-44.370833333,-19.2458333331955,-0.510250270366669,-0.444450795650482,-1.05781757831573,1.60532653331757,0.710830748081207
2,0,-49.5791666663333,-21.2291666665363,-0.391424417495728,-0.822604775428772,-0.0591074377298355,0.897080540657043,0.949272990226746
4,0,-54.745833333,-15.6374999998486,0.375251591205597,-0.864902555942535,-0.437328398227692,1.87717199325562,0.795492887496948
3,0,-43.2374999996667,-18.0041666665241,-0.599375009536743,-0.178277596831322,-1.1278532743454,1.1786744594574,0.772211968898773
3,0,-45.3124999996667,-22.5874999998747,-0.870806813240051,2.88275384902954,-0.0374151766300201,3.0473473072052,0.364316552877426
4,0,-50.8791666663333,-19.6624999998637,0.139428794384003,-0.802162766456604,-0.284757137298584,1.49037647247314,0.898188769817352
1,0,-53.9041666663333,-14.1124999998428,0.655820727348328,-1.12790679931641,-0.54469096660614,2.50386118888855,0.669443368911743
2,0,-52.5541666663333,-18.1791666665248,0.340758740901947,-0.327643066644669,-0.529079020023346,1.41084980964661,0.543121874332428
1,0,-41.020833333,-21.9958333332058,0.0162472818046808,-0.461166620254517,0.116907484829426,-1.70246636867523,1.24239897727966
1,0,-54.0541666663333,-14.8041666665121,0.792962312698364,-0.574775338172913,-0.604148507118225,3.11946558952332,0.562170267105103
3,0,-48.3874999996667,-11.2791666664988,0.711434245109558,-2.01230263710022,-0.759240567684174,0.805616199970245,0.555276572704315
3,0,-47.870833333,-18.412499999859,0.300399780273438,-0.734633326530457,-1.18197071552277,1.37360119819641,0.978584587574005
1,0,-43.595833333,-22.5791666665413,1.1401047706604,0.763710081577301,0.735138833522797,1.17238104343414,0.803578495979309
1,0,-42.720833333,-19.9124999998646,-0.302353918552399,-0.800471127033234,-0.514443814754486,1.07017278671265,0.778666377067566
4,0,-48.0124999996667,-15.9291666665163,-0.208124756813049,-0.0674439296126366,-1.33480405807495,0.849388360977173,0.536404848098755
1,0,-50.470833333,-19.0791666665282,0.360346674919128,-1.16308808326721,-0.373893290758133,1.44890213012695,0.887651324272156
1,0,-51.170833333,-19.0958333331949,0.446623057126999,-0.93417227268219,-0.347341388463974,1.55045080184937,0.805034816265106
4,0,-56.6874999996667,-15.3791666665143,0.299000650644302,-0.909817397594452,0.00849377922713757,0.547372817993164,1.28000259399414
1,0,-53.6541666663333,-20.0874999998653,0.579123079776764,-0.598655998706818,0.184860333800316,0.787144482135773,0.830123901367188
4,0,-45.5374999996667,-23.2208333332104,-0.559412121772766,1.61267817020416,-0.241549611091614,1.20996153354645,0.766026973724365
2,0,-45.695833333,-19.9624999998648,-0.550274908542633,-0.410308420658112,-0.367685824632645,2.01851749420166,0.514042854309082
3,0,-44.7874999996667,-18.7124999998601,-0.569973945617676,-0.949438869953156,-1.00772333145142,1.5264219045639,0.684010803699493
4,0,-51.970833333,-17.9874999998574,0.379959106445312,-0.371183902025223,-0.575276494026184,1.54813206195831,0.646122395992279
2,0,-44.120833333,-18.8374999998606,-0.720223844051361,-1.06250774860382,-0.79292631149292,1.44886982440948,0.65474545955658
4,0,-53.020833333,-13.2541666665063,0.361499220132828,-1.79394376277924,-0.791438519954681,1.37892174720764,0.299272626638412
2,0,-54.1374999996667,-18.2958333331919,0.497230499982834,-1.14090192317963,0.167510733008385,1.08363199234009,0.561186671257019
4,0,-46.1291666663333,-22.4374999998741,-0.505890369415283,1.94680297374725,-0.301114290952682,2.23756861686707,0.421001374721527
4,0,-45.9291666663333,-15.2374999998471,0.742164731025696,-1.24130773544312,-1.36518681049347,2.38101148605347,-0.203693151473999
3,0,-43.870833333,-17.9624999998573,-0.655941307544708,0.287214368581772,-1.61559915542603,1.11592209339142,0.831572532653809
2,0,-50.5374999996667,-17.6624999998562,0.580217242240906,-1.15703010559082,-0.800021767616272,1.046590924263,0.47835648059845
2,0,-48.495833333,-20.9541666665352,0.117386691272259,-0.79901921749115,-0.466321706771851,1.43067717552185,0.849356114864349
4,0,-52.9124999996667,-16.0958333331836,-0.010770034044981,-1.32759344577789,-0.514207124710083,1.47347593307495,0.177984476089478
4,0,-46.2041666663333,-16.7291666665193,-0.627010583877563,-1.68503057956696,-0.887645423412323,0.754963994026184,0.453777760267258
4,0,-55.6874999996667,-16.0958333331836,0.474083632230759,-1.32696807384491,-0.14036825299263,0.708173274993896,0.976205766201019
4,0,-55.995833333,-15.1291666665133,0.43046823143959,-0.751104891300201,-0.365085870027542,0.973944067955017,1.28268718719482
2,0,-47.745833333,-11.237499999832,0.449022382497787,-1.63848578929901,-1.01782155036926,0.721458256244659,0.568492829799652
2,0,-42.9291666663333,-21.6874999998713,-0.156257256865501,0.338018894195557,-0.527325212955475,1.47258603572845,0.781284332275391
4,0,-40.9291666663333,-18.1958333331915,-0.0695771127939224,-0.77454400062561,-0.208005517721176,-0.336631685495377,1.10052454471588
3,0,-51.7624999996667,-20.9791666665353,-0.340006470680237,-0.94357293844223,0.36818939447403,0.154267147183418,1.00437700748444
2,0,-55.6791666663333,-18.6374999998598,0.513485312461853,-1.48785281181335,0.502969145774841,0.519284665584564,0.658099949359894
1,0,-43.7874999996667,-20.6874999998676,-0.368421018123627,0.415518134832382,-0.93868100643158,1.70436632633209,0.690630376338959
2,0,-57.1874999996667,-16.2208333331841,0.370764285326004,-1.53583204746246,0.236410900950432,0.709209799766541,1.16172683238983
1,0,-48.5041666663333,-19.1958333331953,0.242215782403946,-0.542949914932251,-0.680559515953064,1.79575562477112,0.853546440601349
2,0,-48.3874999996667,-14.0208333331758,0.649773836135864,-1.4163144826889,-1.28660428524017,0.414138585329056,0.79601913690567
3,0,-52.345833333,-12.3124999998361,0.8489990234375,-2.13946437835693,-0.71643453836441,1.22852897644043,0.372493088245392
2,0,-54.170833333,-12.654166666504,0.870631575584412,-1.64160346984863,-0.648157775402069,2.31910371780396,0.801261007785797
1,0,-47.145833333,-21.6041666665377,-0.303743898868561,-0.293195009231567,-0.253465086221695,1.39069175720215,0.749933183193207
1,0,-42.5374999996667,-20.6458333332007,-0.870498061180115,0.625551521778107,-0.55842798948288,1.48783314228058,0.579606294631958
2,0,-48.1624999996667,-17.8208333331901,-0.0568902119994164,-0.808367908000946,-0.82236909866333,1.73850512504578,0.652803897857666
3,0,-50.6874999996667,-17.3208333331882,0.598911821842194,-1.14121663570404,-0.816488742828369,1.02094066143036,0.47594091296196
2,0,-46.6791666663333,-14.9541666665127,0.0230146329849958,-1.76191425323486,-1.01963925361633,0.495015352964401,0.685752689838409
4,0,-55.5541666663333,-18.7291666665269,0.47821843624115,-1.49432146549225,0.57552582025528,0.572724997997284,0.699482142925262
4,0,-46.8291666663333,-12.4124999998364,0.689629375934601,-2.42818474769592,-0.859313130378723,0.656124770641327,0.52033406496048
2,0,-45.3791666663333,-15.4124999998477,-0.352144956588745,-1.51794338226318,-1.31576061248779,1.09506165981293,0.150772646069527
3,0,-53.5874999996667,-21.4541666665371,0.263458400964737,-0.436052531003952,0.62481814622879,0.205542951822281,0.920760750770569
2,0,-47.7541666663333,-20.3041666665328,0.352497905492783,-0.378729820251465,-0.785039007663727,1.63154745101929,0.917710423469543
3,0,-45.720833333,-16.4958333331851,-0.855962991714478,-1.53710579872131,-0.995665669441223,0.904024243354797,0.415824383497238
1,0,-46.470833333,-13.0041666665053,0.229673713445663,-1.94883036613464,-1.32234871387482,-0.142630323767662,0.200893402099609
4,0,-44.3624999996667,-19.3791666665293,-0.442536890506744,-0.376572847366333,-1.00106060504913,1.65661120414734,0.653395593166351
4,0,-46.9624999996667,-12.9374999998384,0.610811948776245,-1.78293871879578,-1.19712460041046,0.563403427600861,0.617439150810242
1,0,-43.7374999996667,-22.4208333332074,0.0129818627610803,0.308670401573181,-0.0314860492944717,0.993693292140961,0.869879364967346
1,0,-50.2374999996667,-13.3958333331735,0.848738014698029,-2.12154006958008,-0.811708688735962,0.957574963569641,0.502493500709534
1,0,-48.8874999996667,-17.8041666665234,-0.00207889801822603,-1.05856192111969,-0.968810021877289,1.00321674346924,0.352823138237
1,0,-42.3874999996667,-15.9958333331832,-1.17329025268555,-0.993752837181091,-1.23451459407806,0.527482748031616,0.824189722537994
3,0,-48.8874999996667,-21.1374999998692,-0.132532671093941,-0.704824388027191,-0.389253854751587,1.15094542503357,0.871740639209747
2,0,-48.4874999996667,-18.320833333192,0.23920251429081,-1.01231372356415,-0.761938571929932,1.58346009254456,0.895680248737335
1,0,-51.5374999996667,-17.3291666665216,0.198114067316055,-0.278660446405411,-0.923904776573181,1.26435232162476,0.349191099405289
4,0,-42.2291666663333,-15.7791666665158,-1.41680800914764,-0.840337812900543,-1.44154107570648,0.381435364484787,0.832505762577057
1,0,-42.620833333,-19.0624999998614,-0.224790841341019,0.041036568582058,-0.793778896331787,1.30232298374176,0.671734750270844
4,0,-42.6291666663333,-18.5791666665263,-0.522119104862213,0.361984342336655,-0.864000380039215,1.47546589374542,0.53434157371521
3,0,-56.395833333,-19.0124999998613,0.451730579137802,-1.53429174423218,0.688444137573242,0.367742866277695,1.00773429870605
4,0,-54.4624999996667,-16.8541666665198,0.3588507771492,-1.12706387042999,-0.113223977386951,1.43492448329926,0.644405126571655
4,0,-52.370833333,-13.2874999998397,0.454594105482101,-2.09961724281311,-0.724830985069275,1.33896970748901,0.26723924279213
3,0,-45.470833333,-15.7958333331825,-0.627287983894348,-1.82697486877441,-0.988745272159576,1.11827313899994,0.244664892554283
1,0,-47.2874999996667,-18.7624999998603,0.209385961294174,-0.182275369763374,-1.27578818798065,1.8063405752182,0.850112497806549
4,0,-45.270833333,-14.0124999998424,-0.6935054063797,-2.12859463691711,-1.2934821844101,0.275768846273422,0.509961843490601
4,0,-53.0624999996667,-13.1624999998392,0.454630643129349,-1.829261302948,-0.746569573879242,1.42164611816406,0.305099189281464
4,0,-48.0624999996667,-12.037499999835,0.495840966701508,-2.05295825004578,-0.911950469017029,0.868932723999023,0.462023437023163
4,0,-50.945833333,-16.3708333331846,0.630868911743164,-1.44202375411987,-0.721751511096954,0.888013303279877,0.485572695732117
2,0,-49.4291666663333,-14.5708333331779,0.420206755399704,-1.1547863483429,-1.12793338298798,0.658213317394257,0.64215761423111
4,0,-51.6041666663333,-16.2541666665175,0.49996230006218,-1.70943224430084,-0.526531040668488,0.931458711624146,0.426164954900742
2,0,-47.370833333,-15.4458333331812,-0.110068567097187,-1.03430795669556,-1.22508096694946,0.553025841712952,0.56028687953949
2,0,-51.3124999996667,-17.1041666665207,0.533916175365448,-1.05245530605316,-0.791875779628754,0.935584545135498,0.472893238067627
4,0,-45.070833333,-15.1791666665135,-0.529496431350708,-1.9576575756073,-1.12278831005096,0.955128610134125,0.264770537614822
3,0,-47.8374999996667,-20.8041666665347,0.334222555160522,-0.286534458398819,-0.609079241752625,1.46518397331238,0.855189740657806
2,0,-49.920833333,-16.6374999998523,0.618845283985138,-1.1401447057724,-0.908344566822052,0.880964636802673,0.491295248270035
1,0,-48.9041666663333,-11.6458333331669,0.82486629486084,-1.94568872451782,-0.889198184013367,0.888895690441132,0.504011511802673
1,0,-46.2291666663333,-22.2124999998733,-0.148872062563896,0.750327467918396,-0.284919112920761,1.71932625770569,0.639788448810577
1,0,-44.7874999996667,-20.8708333332016,0.0515254847705364,0.582074165344238,-0.87608939409256,2.46217823028564,0.463210165500641
3,0,-52.145833333,-15.9958333331832,0.352155238389969,-1.72503089904785,-0.443734705448151,1.01590669155121,0.341513484716415
1,0,-48.095833333,-17.8708333331903,0.0291388854384422,-0.863802015781403,-0.793920576572418,1.76088333129883,0.770522594451904
1,0,-42.670833333,-20.6791666665342,-0.841737031936646,0.0439620688557625,-0.506448984146118,1.30175840854645,0.592025101184845
2,0,-47.4124999996667,-11.5458333331665,0.477043718099594,-2.14207744598389,-0.850183963775635,0.72582346200943,0.525109589099884
2,0,-49.4791666663333,-11.6874999998337,1.08418166637421,-2.16925001144409,-0.864262044429779,0.855577111244202,0.561980605125427
4,0,-53.0291666663333,-20.970833333202,0.156418278813362,-0.629210770130157,0.436642289161682,0.397873342037201,0.971109807491302
1,0,-51.745833333,-14.1708333331764,0.477833062410355,-2.0844738483429,-0.529748260974884,1.04299664497375,0.496156185865402
1,0,-51.745833333,-19.212499999862,0.372242271900177,-0.307160139083862,-0.43555223941803,1.57849216461182,0.881332159042358
3,0,-50.470833333,-13.7708333331749,0.778872966766357,-2.21060252189636,-0.691689789295197,0.900936663150787,0.525397658348083
2,0,-47.8374999996667,-18.6124999998598,0.203031361103058,-0.441281527280807,-1.25784647464752,1.73657548427582,0.868919193744659
1,0,-49.5041666663333,-21.3458333332034,-0.363185822963715,-0.662668347358704,-0.0282352045178413,0.940532684326172,0.937144756317139
4,0,-45.9874999996667,-16.6458333331857,-0.744908928871155,-1.49264693260193,-0.972087860107422,0.900478601455688,0.424907237291336
2,0,-54.8291666663333,-15.7374999998489,0.392383575439453,-0.847567915916443,-0.427176862955093,1.78920567035675,0.806448996067047
4,0,-44.920833333,-18.3124999998586,-0.675821721553802,-0.769676268100739,-1.11042284965515,1.40005648136139,0.743057250976562
2,0,-49.070833333,-11.420833333166,0.932129502296448,-1.98465692996979,-0.821764707565308,0.884027600288391,0.564155697822571
4,0,-47.3291666663333,-19.8541666665311,0.185870409011841,0.724123299121857,-1.10249388217926,1.74040722846985,0.802072048187256
2,0,-47.5541666663333,-22.2374999998734,-0.400550007820129,0.168127477169037,-0.320010453462601,1.22803628444672,0.78840845823288
2,0,-55.5041666663333,-16.4374999998516,0.426735877990723,-1.46060299873352,0.0464377664029598,0.824882805347443,0.891186952590942
3,0,-53.870833333,-12.7874999998378,0.796714961528778,-1.58783638477325,-0.674527406692505,2.21304154396057,0.80729740858078
2,0,-49.4124999996667,-13.5624999998408,0.664403200149536,-1.93100547790527,-0.902227818965912,0.796252846717834,0.558497130870819
3,0,-57.1541666663333,-16.6958333331859,0.336043030023575,-1.72373712062836,0.198906809091568,0.257928997278214,0.90314382314682
4,0,-52.3291666663333,-16.1458333331838,0.245235458016396,-1.65534365177155,-0.486315459012985,1.0588526725769,0.295181274414062
3,0,-50.2374999996667,-18.937499999861,0.288200706243515,-1.09259068965912,-0.547896862030029,1.26501679420471,0.726541817188263
1,0,-46.5624999996667,-19.8791666665312,-0.093499667942524,0.78125661611557,-0.978979349136353,2.06044101715088,0.687293231487274
2,0,-50.8291666663333,-19.1041666665283,0.41677850484848,-1.03948652744293,-0.400240331888199,1.4269745349884,0.879215002059937
4,0,-53.2791666663333,-19.5458333331966,0.525386154651642,-0.684691846370697,0.098729632794857,1.12980961799622,0.8135085105896
2,0,-42.7624999996667,-17.9874999998574,-0.751696884632111,0.21481104195118,-1.29756236076355,1.14769423007965,0.696512639522552
3,0,-50.2291666663333,-16.90416666652,0.637254357337952,-1.19931375980377,-0.867798388004303,0.943887174129486,0.477856576442719
4,0,-53.2291666663333,-19.57916666653,0.505356431007385,-0.748830020427704,0.111164800822735,1.09115660190582,0.828732252120972
1,0,-52.2624999996667,-12.1041666665019,0.922383666038513,-2.18933153152466,-0.536366164684296,1.35700368881226,0.383235603570938
3,0,-45.970833333,-19.1291666665284,-0.1663558781147,0.287592053413391,-1.07994425296783,1.93845248222351,0.801250576972961
3,0,-42.2291666663333,-21.3041666665365,-0.470188438892365,0.287756562232971,-0.279761046171188,1.16002011299133,0.66947478055954
3,0,-49.6791666663333,-17.0958333331874,0.543236792087555,-1.18506765365601,-0.965600967407227,0.796658456325531,0.493502289056778
4,0,-41.595833333,-21.612499999871,-0.226591244339943,-0.877779066562653,-0.0524872839450836,-0.53294962644577,1.03886890411377
3,0,-45.0874999996667,-16.7291666665193,-1.01616787910461,-1.71588444709778,-0.835502803325653,0.940867066383362,0.387151956558228
4,0,-53.6874999996667,-17.2958333331881,0.212901756167412,-0.591963410377502,-0.366733580827713,1.76291859149933,0.454997569322586
3,0,-48.595833333,-12.47083333317,0.652261078357697,-2.08148002624512,-0.940593302249908,0.868553280830383,0.490095674991608
4,0,-51.2374999996667,-18.5208333331927,0.499523848295212,-0.846294641494751,-0.531161427497864,1.42359340190887,0.754894614219666
2,0,-54.345833333,-13.9208333331754,0.574065327644348,-1.09131848812103,-0.755708992481232,2.23114490509033,0.68129700422287
1,0,-54.5791666663333,-18.6708333331933,0.537640452384949,-1.12805235385895,0.354338467121124,0.868444800376892,0.587637901306152
2,0,-46.295833333,-21.8541666665386,-0.0324378497898579,0.64775812625885,-0.441396147012711,1.97351861000061,0.608356058597565
1,0,-43.420833333,-15.2458333331804,-0.948360025882721,-2.36996293067932,-1.28630995750427,-0.2952501475811,0.772964894771576
4,0,-46.9624999996667,-13.6041666665076,0.466887027025223,-1.38181626796722,-1.32291197776794,0.589207351207733,0.653615891933441
1,0,-55.7541666663333,-17.6624999998562,0.394712656736374,-1.64403164386749,0.375315755605698,0.633689403533936,0.777311086654663
1,0,-54.6124999996667,-18.7374999998602,0.562623083591461,-1.08858227729797,0.32125249505043,0.814244568347931,0.601078748703003
1,0,-54.9874999996667,-15.8124999998492,0.355461746454239,-0.997346758842468,-0.316213965415955,1.58582150936127,0.810791969299316
2,0,-42.895833333,-16.0874999998503,-1.17583668231964,-1.0280088186264,-1.36038708686829,0.723516047000885,0.745468556880951
3,0,-49.5791666663333,-16.470833333185,0.62578010559082,-1.04610574245453,-1.00110936164856,0.77892142534256,0.514015674591064
3,0,-50.3541666663333,-15.1291666665133,0.736073791980743,-1.8586813211441,-0.68429559469223,0.796765267848969,0.551311314105988
3,0,-49.4791666663333,-17.8041666665234,0.232702180743217,-1.28315448760986,-0.833152055740356,0.970224857330322,0.414087235927582
1,0,-48.395833333,-12.8124999998379,0.470046848058701,-1.95519602298737,-0.992664635181427,0.708073079586029,0.551209688186646
3,0,-53.7541666663333,-13.8541666665085,0.635886371135712,-1.42432761192322,-0.46717843413353,2.27033424377441,0.731961965560913
3,0,-52.220833333,-17.4708333331888,0.151349797844887,-0.352211207151413,-0.745437204837799,1.27080857753754,0.208886668086052
4,0,-45.3374999996667,-13.4208333331736,-0.702218234539032,-2.00198554992676,-1.32436370849609,0.215467914938927,0.52732902765274
2,0,-52.4291666663333,-13.5291666665073,0.352982580661774,-2.04572820663452,-0.710921943187714,1.25797402858734,0.28655144572258
1,0,-53.2791666663333,-18.0124999998575,0.389045387506485,-0.560240626335144,-0.369808048009872,1.33679914474487,0.532365202903748
3,0,-53.870833333,-21.0458333332022,0.475915193557739,-0.461695373058319,0.560050427913666,0.392029762268066,0.939720332622528
1,0,-49.320833333,-15.9041666665162,0.616114854812622,-1.02696931362152,-0.997743964195251,0.752690136432648,0.500154316425323
1,0,-56.545833333,-16.104166666517,0.377569705247879,-1.50573348999023,0.179835334420204,0.656201004981995,1.18802726268768
4,0,-53.8374999996667,-18.229166666525,0.484416514635086,-1.15933358669281,0.103090263903141,1.15437853336334,0.558484673500061
1,0,-46.2874999996667,-14.5291666665111,-0.0240422710776329,-1.71527540683746,-1.12009501457214,0.504627823829651,0.626941323280334
2,0,-41.370833333,-19.7291666665306,-0.182163059711456,-0.738619744777679,-0.189710527658463,0.247701957821846,0.943372666835785
1,0,-49.470833333,-20.3708333331997,-0.125320300459862,-1.20263731479645,-0.3050297498703,1.43379259109497,0.964423835277557
3,0,-41.370833333,-19.55416666653,-0.232685670256615,-0.555438101291656,-0.320312708616257,0.213986396789551,0.962001144886017
4,0,-42.995833333,-16.1874999998506,-1.2680971622467,-1.12291252613068,-1.34472417831421,0.762076735496521,0.684876024723053
4,0,-55.5874999996667,-18.1958333331915,0.416606664657593,-1.45300674438477,0.329572349786758,0.50029456615448,0.783024430274963
3,0,-45.9791666663333,-15.5958333331817,0.0112730273976922,-1.73480248451233,-0.99959522485733,1.31358802318573,0.235273078083992
1,0,-51.9374999996667,-15.6874999998487,0.373641729354858,-1.79724764823914,-0.458150207996368,1.05930113792419,0.39403909444809
2,0,-41.220833333,-19.8374999998644,-0.284845948219299,0.238572850823402,-0.341487348079681,0.272134095430374,0.906676232814789
3,0,-53.0124999996667,-12.1708333331689,0.751791179180145,-1.95965242385864,-0.62942910194397,1.57952928543091,0.252478212118149
1,0,-45.1541666663333,-15.7124999998488,-0.773538172245026,-1.94906508922577,-1.03188741207123,0.84231424331665,0.298830538988113
3,0,-52.1041666663333,-12.3208333331694,0.924292981624603,-2.07043838500977,-0.789780795574188,1.13866198062897,0.424454659223557
2,0,-47.6374999996667,-17.2541666665213,-0.167604148387909,-0.601566433906555,-1.22138512134552,1.28912770748138,0.113532617688179
1,0,-49.3791666663333,-18.4291666665257,0.0171997230499983,-1.18186330795288,-0.850647151470184,0.925579607486725,0.386125266551971
1,0,-52.7791666663333,-16.995833333187,0.379040390253067,-0.966836273670197,-0.37710765004158,1.65980434417725,0.530869603157043
1,0,-49.0291666663333,-20.0208333331984,0.379123687744141,-0.972106635570526,-0.150896266102791,2.02664017677307,0.900142848491669
2,0,-48.0624999996667,-13.6874999998412,0.522997856140137,-1.96753263473511,-0.95790296792984,0.610022187232971,0.649733126163483
2,0,-53.3041666663333,-14.6124999998447,0.544017672538757,-0.997151076793671,-0.46431440114975,2.68710541725159,0.645077407360077
4,0,-53.470833333,-12.6958333331708,0.768907964229584,-1.6660463809967,-0.573752343654633,2.17813682556152,0.770190715789795
3,0,-42.1374999996667,-15.5541666665149,-1.55023348331451,-0.804061472415924,-1.54860103130341,0.0842449069023132,0.908045530319214
1,0,-48.620833333,-16.1291666665171,0.300388723611832,-0.588316142559052,-1.21299839019775,0.648912191390991,0.592667818069458
3,0,-43.0541666663333,-19.5374999998632,-0.231569424271584,0.647975206375122,-1.00620007514954,1.77076482772827,0.515747785568237
4,0,-54.5791666663333,-19.4958333331964,0.34124556183815,-0.359812498092651,0.0915039330720901,0.664838135242462,0.522163093090057
1,0,-55.395833333,-15.9624999998498,0.40467232465744,-0.547487735748291,-0.528091013431549,1.20100152492523,0.810519099235535
1,0,-42.220833333,-20.6124999998673,-0.9946608543396,0.383499383926392,-0.434429138898849,1.43935286998749,0.523214995861053
3,0,-49.795833333,-19.1291666665284,0.125360786914825,-1.05546832084656,-0.54181957244873,1.28944301605225,0.670421957969666
4,0,-45.020833333,-14.6541666665115,-0.570916771888733,-2.01822757720947,-1.18511199951172,0.684336006641388,0.418492883443832
3,0,-48.4874999996667,-11.6874999998337,0.794483959674835,-2.02402639389038,-0.86106675863266,0.883784294128418,0.49746298789978
2,0,-47.195833333,-14.1124999998428,0.457175344228745,-1.8319787979126,-0.997264564037323,0.591267645359039,0.727406561374664
4,0,-44.7124999996667,-15.4708333331813,-0.772725105285645,-2.21596455574036,-1.07145726680756,0.618732213973999,0.34326097369194
4,0,-47.345833333,-19.9874999998649,0.364603847265244,-0.0743681043386459,-0.876776099205017,1.62263524532318,0.92608118057251
1,0,-53.3374999996667,-19.0708333331948,0.335876226425171,-0.464584112167358,-0.216354191303253,0.979803383350372,0.539326369762421
2,0,-53.645833333,-15.3624999998475,0.267117589712143,-0.887529492378235,-0.3786740899086,2.74209046363831,0.564217627048492
1,0,-52.820833333,-16.9458333331868,0.429829984903336,-1.11216759681702,-0.324230849742889,1.66269099712372,0.537869393825531
3,0,-50.720833333,-15.5291666665148,0.707530736923218,-1.90759134292603,-0.592535614967346,0.885120391845703,0.521222531795502
3,0,-44.770833333,-14.3041666665102,-0.787409484386444,-2.22129702568054,-1.12535607814789,0.482577264308929,0.49775218963623
4,0,-48.495833333,-17.8374999998568,0.129010990262032,-0.835730910301208,-0.900443255901337,1.55270326137543,0.781194627285004
2,0,-46.1624999996667,-18.1958333331915,0.0991001576185226,-0.729528903961182,-1.19400131702423,1.56835508346558,0.865190744400024
2,0,-42.845833333,-20.1791666665323,-0.475556075572968,-0.629818320274353,-0.545999228954315,1.15500807762146,0.725146472454071
1,0,-41.670833333,-22.1874999998732,0.23129303753376,-0.362005829811096,0.34417662024498,-0.680847704410553,1.05364263057709
1,0,-48.0874999996667,-11.4291666664994,0.653557956218719,-2.05233883857727,-0.786566853523254,0.83325058221817,0.531407475471497
2,0,-48.1624999996667,-11.5874999998333,0.655124127864838,-2.07135343551636,-0.828810632228851,0.83578360080719,0.504330635070801
3,0,-44.4874999996667,-21.8291666665385,-0.316007226705551,0.72059166431427,-0.529888451099396,2.35632491111755,0.822965681552887
2,0,-49.320833333,-20.6208333332006,-0.00504340464249253,-1.05343532562256,-0.29998567700386,1.51877915859222,0.939214408397675
2,0,-51.895833333,-16.0791666665169,0.449020802974701,-1.73142385482788,-0.50656533241272,0.954923391342163,0.404464870691299
1,0,-45.670833333,-21.5541666665375,-0.341552138328552,0.45224729180336,-0.140660524368286,2.30127286911011,0.70115464925766
1,0,-47.0624999996667,-22.7458333332086,-0.287849992513657,0.340860575437546,-0.287345737218857,0.798858940601349,0.919286787509918
2,0,-52.795833333,-15.1624999998468,0.072562150657177,-1.40003383159637,-0.581631779670715,1.53773355484009,0.238065928220749
4,0,-51.595833333,-18.4624999998592,0.496596336364746,-0.691695928573608,-0.562168300151825,1.34720647335052,0.735957205295563
2,0,-56.145833333,-15.0624999998464,0.408513188362122,-0.470629513263702,-0.613951444625854,0.94626796245575,1.3286052942276
3,0,-53.895833333,-17.79583333319,0.450651675462723,-1.18728947639465,0.020916135981679,1.26249039173126,0.552161037921906
3,0,-55.2541666663333,-18.4541666665258,0.513106107711792,-1.41703081130981,0.489221125841141,0.692704200744629,0.643400371074677
3,0,-50.5541666663333,-16.287499999851,0.667441785335541,-1.26537311077118,-0.848552763462067,0.875520169734955,0.499471068382263
4,0,-53.5374999996667,-16.4124999998515,0.242633506655693,-1.0721355676651,-0.282185673713684,2.03461050987244,0.551134586334229
4,0,-53.1874999996667,-12.3124999998361,0.71252167224884,-2.02327179908752,-0.523179769515991,1.62714743614197,0.220043689012527
4,0,-44.7874999996667,-18.1291666665246,-0.780547261238098,-0.70510321855545,-1.23753094673157,1.25537765026093,0.781652688980103
3,0,-45.670833333,-18.6374999998598,-0.235660910606384,-0.714625656604767,-0.996654748916626,1.53657293319702,0.835327506065369
4,0,-41.7124999996667,-18.6291666665265,-0.067502960562706,-1.21128880977631,-0.40025320649147,0.188649535179138,1.01139295101166
2,0,-49.6374999996667,-17.5291666665223,0.43218919634819,-1.33154225349426,-0.845128178596497,0.881989240646362,0.460148900747299
2,0,-56.795833333,-17.6958333331896,0.329227447509766,-1.83523917198181,0.399309307336807,0.191184565424919,0.839169323444366
4,0,-51.1124999996667,-19.5041666665298,0.285888493061066,-0.936507165431976,-0.286893457174301,1.51779460906982,0.729741334915161
3,0,-46.2041666663333,-20.2124999998658,-0.450948566198349,0.0929954349994659,-0.46767583489418,2.03647041320801,0.626377940177917
2,0,-55.3124999996667,-14.870833333179,0.637141823768616,-1.10060334205627,-0.671461343765259,1.36788928508759,0.960525870323181
2,0,-43.3791666663333,-17.8291666665235,-0.643407344818115,-0.173843443393707,-1.26170635223389,1.06957912445068,0.830389976501465
4,0,-42.6791666663333,-20.354166666533,-0.575622916221619,-0.490563571453094,-0.483489006757736,1.14050769805908,0.733714401721954
3,0,-45.445833333,-15.7374999998489,-0.563026428222656,-1.8246386051178,-1.00835061073303,1.14506936073303,0.231443673372269
4,0,-47.695833333,-11.4874999998329,0.502082705497742,-2.03888082504272,-0.845440804958344,0.759837210178375,0.529152870178223
4,0,-41.4791666663333,-16.5124999998518,-1.22953355312347,-0.889844834804535,-1.15093100070953,-0.113176941871643,0.93109130859375
2,0,-47.4041666663333,-12.3958333331697,0.345308005809784,-2.31527256965637,-0.853522777557373,0.67227703332901,0.513435959815979
1,0,-56.320833333,-17.520833333189,0.36820587515831,-1.69885587692261,0.385498195886612,0.390892505645752,0.826733887195587
1,0,-54.570833333,-13.7708333331749,0.651560425758362,-1.13480222225189,-0.845908045768738,2.18780469894409,0.755513489246368
3,0,-46.620833333,-14.6958333331783,0.0689407214522362,-1.81491923332214,-1.061976313591,0.388818502426147,0.775182247161865
2,0,-43.7041666663333,-18.1541666665247,-0.480878204107285,0.310169279575348,-1.45655477046967,1.3009877204895,0.804177701473236
4,0,-43.3041666663333,-21.0291666665355,-0.280137568712234,0.604790389537811,-0.757388234138489,1.43690407276154,0.790826082229614
3,0,-46.2874999996667,-17.0958333331874,-0.389360755681992,-1.60983884334564,-0.91134238243103,0.910988926887512,0.462314754724503
1,0,-46.9041666663333,-21.8791666665387,-0.351762562990189,0.0306304227560759,-0.219054475426674,1.44494557380676,0.735102415084839
1,0,-49.595833333,-20.9208333332018,-0.361752301454544,-0.857900559902191,-0.286505967378616,0.996463477611542,0.964354574680328
1,0,-42.3541666663333,-22.0708333332061,-0.501263916492462,0.674644529819489,-0.337483555078506,0.907268822193146,0.680844128131866
1,0,-53.1874999996667,-16.4458333331849,0.142115518450737,-0.695383012294769,-0.473777532577515,2.10142469406128,0.460592925548553
1,0,-55.2541666663333,-19.3208333331957,0.703707993030548,-1.21307015419006,0.566764533519745,0.67831289768219,0.888376653194427
4,0,-48.0374999996667,-18.7874999998604,0.0760292038321495,-0.552158832550049,-1.40978026390076,1.13034892082214,0.19200012087822
3,0,-52.9624999996667,-18.6624999998599,0.339878886938095,-0.347432374954224,-0.380256146192551,1.23236000537872,0.535380125045776
1,0,-46.1374999996667,-16.720833333186,-0.61094206571579,-1.19521033763885,-1.14840543270111,0.855861067771912,0.408852845430374
4,0,-54.970833333,-14.6124999998447,0.672188103199005,-1.02532148361206,-0.743137180805206,1.90911245346069,0.80644291639328
1,0,-44.4541666663333,-17.2291666665212,-0.783449530601501,-1.72047626972198,-0.826858758926392,1.03232908248901,0.777752339839935
1,0,-51.1791666663333,-13.0041666665053,0.918103992938995,-2.38964104652405,-0.659773170948029,0.980833530426025,0.431476920843124
2,0,-42.870833333,-15.6958333331821,-0.960800111293793,-1.70881652832031,-1.32426965236664,0.575813233852386,0.765434443950653
3,0,-52.0291666663333,-17.337499999855,0.298225879669189,-0.645502805709839,-0.802272200584412,1.09238171577454,0.319443047046661
3,0,-53.0541666663333,-16.4958333331851,0.140433043241501,-0.477581888437271,-0.59557044506073,2.0816113948822,0.470340669155121
3,0,-48.520833333,-17.1541666665209,0.0683553591370583,-0.703240692615509,-1.22962665557861,0.93256664276123,0.390370547771454
3,0,-53.495833333,-16.9541666665202,0.173784598708153,-0.582478284835815,-0.453250616788864,1.8461366891861,0.468665927648544
1,0,-56.870833333,-15.4624999998479,0.321723103523254,-0.409202933311462,-0.456294447183609,1.0632506608963,1.25227749347687
4,0,-50.9541666663333,-18.5791666665263,0.486794620752335,-0.757539570331573,-0.567057013511658,1.56719589233398,0.857171297073364
4,0,-45.570833333,-17.6874999998563,-0.430473744869232,-0.966147601604462,-1.16404819488525,1.35259687900543,0.852671325206757
2,0,-52.945833333,-19.6874999998638,0.461954027414322,-0.732036888599396,0.13604162633419,1.07968783378601,0.832519054412842
3,0,-47.495833333,-14.1958333331765,0.180199041962624,-0.353602975606918,-1.54706561565399,1.01072561740875,0.542151033878326
2,0,-46.0874999996667,-19.4291666665295,-0.203476756811142,0.563387453556061,-0.94234436750412,1.95853734016418,0.787263631820679
1,0,-55.0041666663333,-16.4374999998516,0.513363122940063,-1.29497730731964,-0.056172888725996,1.29041254520416,0.844165861606598
1,0,-51.2624999996667,-18.595833333193,0.491325110197067,-0.77865606546402,-0.553949534893036,1.35457563400269,0.753446042537689
3,0,-52.9541666663333,-12.4958333331701,0.653151571750641,-1.92782866954803,-0.719413876533508,1.43974053859711,0.275367587804794
3,0,-49.0374999996667,-21.2291666665363,-0.199786007404327,-0.722415149211884,-0.272604584693909,1.01046848297119,0.871617138385773
3,0,-54.120833333,-13.8208333331751,0.569176197052002,-1.1960015296936,-0.630294680595398,2.37691688537598,0.703260004520416
4,0,-48.7041666663333,-14.3208333331769,0.464667767286301,-1.50700902938843,-1.07735657691956,0.601737320423126,0.66788375377655
1,0,-55.8124999996667,-19.2374999998621,0.597907781600952,-1.35911202430725,0.746295154094696,0.598483145236969,0.862166821956635
3,0,-54.120833333,-21.154166666536,0.483502238988876,-0.271452486515045,0.562525033950806,0.379263669252396,0.921224355697632
4,0,-48.8124999996667,-21.1708333332027,-0.145710289478302,-0.634326040744781,-0.473596543073654,1.18781912326813,0.900920450687408
3,0,-57.3374999996667,-17.1374999998542,0.460364073514938,-1.73388719558716,0.127791568636894,-0.00712578045204282,0.960128486156464
4,0,-50.7374999996667,-17.2874999998548,0.602434515953064,-1.02001976966858,-0.855874538421631,1.01411008834839,0.487194359302521
4,0,-44.6541666663333,-20.9874999998687,0.20673580467701,0.428149163722992,-0.764732599258423,2.53641533851624,0.458084970712662
1,0,-53.8541666663333,-14.0291666665092,0.63995772600174,-1.29505503177643,-0.500636875629425,2.37221884727478,0.703306972980499
3,0,-44.4791666663333,-19.2208333331954,-0.570721447467804,-0.73068231344223,-0.907504081726074,1.62250542640686,0.698348462581635
3,0,-41.2624999996667,-18.4291666665257,-0.186304286122322,-0.727506339550018,-0.389082163572311,-0.0150827085599303,1.0038093328476
4,0,-41.3874999996667,-19.5374999998632,-0.107152663171291,-0.972671449184418,-0.230358317494392,0.101440072059631,1.01135516166687
3,0,-51.7624999996667,-16.6708333331858,0.392887622117996,-1.12996554374695,-0.693703770637512,1.05093860626221,0.383514523506165
4,0,-44.195833333,-18.3791666665255,-0.908345639705658,-1.2282646894455,-0.940741002559662,0.992112934589386,0.77120578289032
1,0,-50.6124999996667,-15.1208333331799,0.711573541164398,-1.994553565979,-0.615515768527985,0.913512527942657,0.516482055187225
3,0,-43.5624999996667,-17.0624999998539,-0.842700660228729,-0.982947647571564,-1.51209485530853,0.887326419353485,0.72819584608078
2,0,-52.445833333,-19.3874999998627,0.460879385471344,-0.803755462169647,-0.0307732708752155,1.249636054039,0.860602974891663
3,0,-55.845833333,-14.1708333331764,1.03661692142487,-1.1759957075119,-0.848231673240662,1.72364687919617,1.02023160457611
4,0,-51.5541666663333,-21.245833333203,-0.587551712989807,-0.940187156200409,0.288074404001236,0.184194415807724,0.93645703792572
2,0,-46.2374999996667,-21.1624999998693,-0.346603006124496,0.602202117443085,-0.464776962995529,1.87912249565125,0.694945216178894
1,0,-44.045833333,-16.1624999998505,-0.90185022354126,-1.56281507015228,-1.31307947635651,0.661895155906677,0.491443246603012
1,0,-40.9541666663333,-17.7374999998565,-0.162786543369293,-0.95271635055542,-0.168633595108986,-0.44310787320137,1.11028742790222
1,0,-46.0041666663333,-15.2291666665137,1.00480389595032,-1.11707532405853,-1.414342045784,2.61399817466736,-0.277084141969681
2,0,-42.4624999996667,-21.2208333332029,-0.230451136827469,-0.491672068834305,-0.198151752352715,1.30305731296539,0.7253378033638
3,0,-51.0291666663333,-15.8458333331827,0.655683755874634,-1.86443769931793,-0.525241792201996,0.948466539382935,0.466483145952225
3,0,-54.3124999996667,-14.5791666665112,0.743542790412903,-0.768845975399017,-0.721494436264038,2.54943585395813,0.698221623897552
4,0,-50.670833333,-19.5624999998633,0.118411719799042,-1.02558743953705,-0.248079791665077,1.50951588153839,0.930353164672852
2,0,-40.4374999996667,-20.0791666665319,0.329513639211655,0.045044083148241,0.26099705696106,-0.737000107765198,0.905882596969604
